1619535397, 125448, 2 
1619535397, 128641, 3 
1619535397, 130274, 4 
1619535397, 132725, 5 
1619535397, 134957, 6 
1619535397, 137240, 7 
1619535397, 139462, 8 
1619535397, 141225, 9 
1619535397, 143226, 10 
1619535397, 146040, 11 
1619535397, 147823, 12 
1619535397, 149648, 13 
1619535397, 157568, 14 
1619535397, 160436, 15 
1619535397, 164962, 16 
1619535397, 169675, 17 
1619535397, 173491, 18 
1619535397, 177282, 19 
1619535397, 180385, 20 
1619535397, 183795, 21 
1619535397, 186517, 22 
1619535397, 190163, 23 
1619535397, 192260, 24 
1619535397, 196025, 25 
1619535397, 199108, 26 
1619535397, 202794, 27 
1619535397, 205728, 28 
1619535397, 209376, 29 
1619535397, 211458, 30 
1619535397, 216723, 31 
1619535397, 218984, 32 
1619535397, 222615, 33 
1619535397, 227205, 34 
1619535397, 229984, 35 
1619535397, 233080, 36 
1619535397, 235895, 37 
1619535397, 238418, 38 
1619535397, 240230, 39 
1619535397, 244747, 40 
1619535397, 246987, 41 
1619535397, 248934, 42 
1619535397, 253041, 43 
1619535397, 256849, 44 
1619535397, 259066, 45 
1619535397, 262755, 46 
1619535397, 265602, 47 
1619535397, 268072, 48 
1619535397, 271665, 49 
1619535397, 274762, 50 
1619535397, 277278, 51 
1619535397, 279920, 52 
1619535397, 284515, 53 
1619535397, 287086, 54 
1619535397, 289647, 55 
1619535397, 292899, 56 
1619535397, 295634, 57 
1619535397, 298729, 58 
1619535397, 302097, 59 
1619535397, 304072, 60 
1619535397, 306896, 61 
1619535397, 309616, 62 
1619535397, 313691, 63 
1619535397, 316044, 64 
1619535397, 318951, 65 
1619535397, 321405, 65 
1619535397, 322954, 65 
1619535397, 324190, 65 
1619535397, 325469, 65 
1619535397, 327820, 65 
1619535397, 329924, 65 
1619535397, 331192, 65 
1619535397, 333042, 65 
1619535397, 334798, 65 
1619535397, 335999, 65 
1619535397, 337801, 65 
1619535397, 339218, 65 
1619535397, 340865, 65 
1619535397, 341969, 65 
1619535397, 343001, 65 
1619535397, 344477, 65 
1619535397, 346719, 65 
1619535397, 348684, 65 
1619535397, 349487, 65 
1619535397, 350426, 65 
1619535397, 351188, 65 
1619535397, 352194, 65 
1619535397, 353498, 65 
1619535397, 355050, 65 
1619535397, 356323, 65 
1619535397, 357919, 65 
1619535397, 358964, 65 
1619535397, 359814, 65 
1619535397, 361347, 65 
1619535397, 362442, 65 
1619535397, 363262, 65 
1619535397, 364385, 65 
1619535397, 366015, 65 
1619535397, 367583, 65 
1619535397, 369382, 65 
1619535397, 370441, 65 
1619535397, 371457, 65 
1619535397, 372451, 65 
1619535397, 374015, 65 
1619535397, 375539, 65 
1619535397, 377033, 65 
1619535397, 378085, 65 
1619535397, 379088, 65 
1619535397, 380037, 65 
1619535397, 381450, 65 
1619535397, 383510, 65 
1619535397, 384761, 65 
1619535397, 386071, 65 
1619535397, 387129, 65 
1619535397, 388610, 65 
1619535397, 389853, 65 
1619535397, 390742, 65 
1619535397, 392012, 65 
1619535397, 393463, 65 
1619535397, 394775, 65 
1619535397, 396427, 65 
1619535397, 397429, 65 
1619535397, 398313, 65 
1619535397, 399118, 65 
1619535397, 400046, 65 
1619535397, 401003, 65 
1619535397, 402667, 65 
1619535397, 403935, 65 
1619535397, 405178, 65 
1619535397, 406051, 65 
1619535397, 406997, 65 
1619535397, 407842, 66 
1619535397, 409860, 66 
1619535397, 410912, 66 
1619535397, 412536, 66 
1619535397, 413817, 66 
1619535397, 414929, 66 
1619535397, 416231, 66 
1619535397, 417746, 66 
1619535397, 418796, 66 
1619535397, 419774, 66 
1619535397, 421482, 66 
1619535397, 423147, 66 
1619535397, 425122, 66 
1619535397, 426453, 66 
1619535397, 427457, 66 
1619535397, 428426, 66 
1619535397, 430098, 66 
1619535397, 431192, 66 
1619535397, 432599, 66 
1619535397, 434174, 66 
1619535397, 435230, 66 
1619535397, 436282, 66 
1619535397, 438071, 66 
1619535397, 439746, 66 
1619535397, 440823, 66 
1619535397, 442154, 66 
1619535397, 443596, 66 
1619535397, 445283, 66 
1619535397, 446493, 66 
1619535397, 447755, 66 
1619535397, 449296, 66 
1619535397, 450373, 66 
1619535397, 452046, 66 
1619535397, 453598, 66 
1619535397, 454639, 66 
1619535397, 455551, 66 
1619535397, 457018, 66 
1619535397, 458262, 66 
1619535397, 459157, 66 
1619535397, 460138, 66 
1619535397, 461216, 66 
1619535397, 462422, 66 
1619535397, 463615, 66 
1619535397, 465571, 66 
1619535397, 467251, 66 
1619535397, 468320, 66 
1619535397, 469128, 66 
1619535397, 470187, 66 
1619535397, 471178, 66 
1619535397, 473807, 66 
1619535397, 475312, 66 
1619535397, 476543, 66 
1619535397, 477542, 66 
1619535397, 478908, 66 
1619535397, 479995, 66 
1619535397, 481056, 66 
1619535397, 482506, 66 
1619535397, 483796, 66 
1619535397, 485174, 66 
1619535397, 486340, 66 
1619535397, 487425, 66 
1619535397, 488293, 66 
1619535397, 489198, 66 
1619535397, 490042, 66 
1619535397, 490990, 66 
1619535397, 492403, 66 
1619535397, 494799, 66 
1619535397, 495860, 66 
1619535397, 496697, 67 
1619535397, 498278, 67 
1619535397, 499393, 67 
1619535397, 500563, 67 
1619535397, 502239, 67 
1619535397, 503760, 67 
1619535397, 505078, 67 
1619535397, 506611, 67 
1619535397, 508070, 67 
1619535397, 509180, 67 
1619535397, 510169, 67 
1619535397, 511478, 67 
1619535397, 513238, 67 
1619535397, 514571, 67 
1619535397, 515562, 67 
1619535397, 516527, 67 
1619535397, 517623, 67 
1619535397, 518707, 67 
1619535397, 520125, 67 
1619535397, 521933, 67 
1619535397, 523552, 67 
1619535397, 524531, 67 
1619535397, 525439, 67 
1619535397, 526503, 67 
1619535397, 528494, 67 
1619535397, 529793, 67 
1619535397, 530767, 67 
1619535397, 531840, 67 
1619535397, 533671, 67 
1619535397, 534763, 67 
1619535397, 535617, 67 
1619535397, 536705, 67 
1619535397, 537752, 67 
1619535397, 539137, 67 
1619535397, 540213, 67 
1619535397, 542221, 67 
1619535397, 543517, 67 
1619535397, 544459, 67 
1619535397, 545293, 67 
1619535397, 546245, 67 
1619535397, 547274, 67 
1619535397, 549676, 67 
1619535397, 551644, 67 
1619535397, 552668, 67 
1619535397, 553626, 67 
1619535397, 554521, 67 
1619535397, 556032, 67 
1619535397, 557088, 67 
1619535397, 558460, 67 
1619535397, 559519, 67 
1619535397, 561160, 67 
1619535397, 562284, 67 
1619535397, 563349, 67 
1619535397, 564360, 67 
1619535397, 565241, 67 
1619535397, 566161, 67 
1619535397, 567353, 67 
1619535397, 569230, 67 
1619535397, 570733, 67 
1619535397, 571803, 67 
1619535397, 572730, 67 
1619535397, 573732, 67 
1619535397, 574653, 67 
1619535397, 575859, 67 
1619535397, 577184, 67 
1619535397, 578816, 67 
1619535397, 580844, 67 
1619535397, 582298, 67 
1619535397, 584581, 67 
1619535397, 585745, 68 
1619535397, 588507, 68 
1619535397, 590536, 68 
1619535397, 591652, 68 
1619535397, 592880, 68 
1619535397, 593837, 68 
1619535397, 594791, 68 
1619535397, 595767, 68 
1619535397, 597415, 68 
1619535397, 599555, 68 
1619535397, 600630, 68 
1619535397, 601586, 68 
1619535397, 602626, 68 
1619535397, 604064, 68 
1619535397, 605104, 68 
1619535397, 606150, 68 
1619535397, 607605, 68 
1619535397, 609538, 68 
1619535397, 610584, 68 
1619535397, 611476, 68 
1619535397, 612492, 68 
1619535397, 613630, 68 
1619535397, 614586, 68 
1619535397, 615506, 68 
1619535397, 616946, 68 
1619535397, 619152, 68 
1619535397, 620482, 68 
1619535397, 621506, 68 
1619535397, 622539, 68 
1619535397, 623457, 68 
1619535397, 625179, 68 
1619535397, 626690, 68 
1619535397, 628874, 68 
1619535397, 630162, 68 
1619535397, 631851, 68 
1619535397, 633229, 68 
1619535397, 634290, 68 
1619535397, 635044, 68 
1619535397, 636204, 68 
1619535397, 637836, 68 
1619535397, 639232, 68 
1619535397, 640319, 68 
1619535397, 641455, 68 
1619535397, 642549, 68 
1619535397, 643516, 68 
1619535397, 644588, 68 
1619535397, 646049, 68 
1619535397, 647840, 68 
1619535397, 649035, 68 
1619535397, 649946, 68 
1619535397, 650893, 68 
1619535397, 652504, 68 
1619535397, 653971, 68 
1619535397, 655054, 68 
1619535397, 656760, 68 
1619535397, 658406, 68 
1619535397, 659297, 68 
1619535397, 660289, 68 
1619535397, 661304, 68 
1619535397, 662291, 68 
1619535397, 663317, 68 
1619535397, 664273, 68 
1619535397, 665722, 68 
1619535397, 667853, 68 
1619535397, 668879, 68 
1619535397, 669814, 68 
1619535397, 670630, 68 
1619535397, 671550, 68 
1619535397, 672833, 68 
1619535397, 674253, 68 
1619535397, 675595, 69 
1619535397, 677947, 69 
1619535397, 678914, 69 
1619535397, 680367, 69 
1619535397, 681368, 69 
1619535397, 682555, 69 
1619535397, 683407, 69 
1619535397, 684590, 69 
1619535397, 685666, 69 
1619535397, 687585, 69 
1619535397, 688820, 69 
1619535397, 689868, 69 
1619535397, 690846, 69 
1619535397, 691887, 69 
1619535397, 693358, 69 
1619535397, 695299, 69 
1619535397, 696786, 69 
1619535397, 697837, 69 
1619535397, 699021, 69 
1619535397, 699938, 69 
1619535397, 701744, 69 
1619535397, 703490, 69 
1619535397, 704667, 69 
1619535397, 705953, 69 
1619535397, 707077, 69 
1619535397, 708754, 69 
1619535397, 709643, 69 
1619535397, 710777, 69 
1619535397, 711714, 69 
1619535397, 713107, 69 
1619535397, 714453, 69 
1619535397, 715721, 69 
1619535397, 716698, 69 
1619535397, 717638, 69 
1619535397, 718597, 69 
1619535397, 719508, 69 
1619535397, 720494, 69 
1619535397, 722506, 69 
1619535397, 724705, 69 
1619535397, 725737, 69 
1619535397, 726822, 69 
1619535397, 727762, 69 
1619535397, 729676, 69 
1619535397, 730824, 69 
1619535397, 732286, 69 
1619535397, 734409, 69 
1619535397, 735329, 69 
1619535397, 736225, 69 
1619535397, 737365, 69 
1619535397, 738564, 69 
1619535397, 739518, 69 
1619535397, 740450, 69 
1619535397, 741429, 69 
1619535397, 743661, 69 
1619535397, 744878, 69 
1619535397, 745854, 69 
1619535397, 746822, 69 
1619535397, 748219, 69 
1619535397, 750405, 69 
1619535397, 754004, 69 
1619535397, 756938, 69 
1619535397, 759385, 69 
1619535397, 762080, 69 
1619535397, 765105, 69 
1619535397, 767242, 69 
1619535397, 769182, 69 
1619535397, 772455, 69 
1619535397, 774572, 69 
1619535397, 776034, 69 
1619535397, 778950, 69 
1619535397, 781095, 69 
1619535397, 784514, 70 
1619535397, 788001, 70 
1619535397, 789644, 70 
1619535397, 792914, 70 
1619535397, 795149, 70 
1619535397, 796365, 70 
1619535397, 798483, 70 
1619535397, 799724, 70 
1619535397, 802091, 70 
1619535397, 804461, 70 
1619535397, 806542, 70 
1619535397, 808053, 70 
1619535397, 809585, 70 
1619535397, 811884, 70 
1619535397, 813605, 70 
1619535397, 814930, 70 
1619535397, 816142, 70 
1619535397, 817761, 70 
1619535397, 820008, 70 
1619535397, 822390, 70 
1619535397, 824194, 70 
1619535397, 825531, 70 
1619535397, 827387, 70 
1619535397, 828636, 70 
1619535397, 831160, 70 
1619535397, 833411, 70 
1619535397, 834618, 70 
1619535397, 835523, 70 
1619535397, 836395, 70 
1619535397, 837440, 70 
1619535397, 838987, 70 
1619535397, 840533, 70 
1619535397, 841560, 70 
1619535397, 842642, 70 
1619535397, 843602, 70 
1619535397, 844455, 70 
1619535397, 845346, 70 
1619535397, 847060, 70 
1619535397, 848899, 70 
1619535397, 850231, 70 
1619535397, 851168, 70 
1619535397, 852171, 70 
1619535397, 853598, 70 
1619535397, 854840, 70 
1619535397, 855678, 70 
1619535397, 857007, 70 
1619535397, 858373, 70 
1619535397, 859716, 70 
1619535397, 861358, 70 
1619535397, 862525, 70 
1619535397, 863507, 70 
1619535397, 864395, 70 
1619535397, 865438, 70 
1619535397, 866866, 70 
1619535397, 867999, 70 
1619535397, 869410, 70 
1619535397, 870430, 70 
1619535397, 871458, 70 
1619535397, 872490, 70 
1619535397, 873567, 70 
1619535397, 875678, 70 
1619535397, 876945, 70 
1619535397, 878071, 70 
1619535397, 879523, 70 
1619535397, 880356, 70 
1619535397, 882036, 70 
1619535397, 883189, 70 
1619535397, 884644, 70 
1619535397, 885666, 70 
1619535397, 886577, 70 
1619535397, 887720, 70 
1619535397, 889534, 70 
1619535397, 890592, 71 
1619535397, 892447, 71 
1619535397, 894222, 71 
1619535397, 895992, 71 
1619535397, 897183, 71 
1619535397, 898455, 71 
1619535397, 899662, 71 
1619535397, 900501, 71 
1619535397, 901787, 71 
1619535397, 903171, 71 
1619535397, 903954, 71 
1619535397, 904878, 71 
1619535397, 905934, 71 
1619535397, 907293, 71 
1619535397, 908395, 71 
1619535397, 909847, 71 
1619535397, 911240, 71 
1619535397, 912218, 71 
1619535397, 913300, 71 
1619535397, 914253, 71 
1619535397, 915104, 71 
1619535397, 917441, 71 
1619535397, 918565, 71 
1619535397, 919591, 71 
1619535397, 921331, 71 
1619535397, 922627, 71 
1619535397, 924209, 71 
1619535397, 925134, 71 
1619535397, 938804, 71 
1619535397, 939383, 71 
1619535397, 939936, 71 
1619535397, 940483, 71 
1619535397, 941087, 71 
1619535397, 941610, 71 
1619535397, 942163, 71 
1619535397, 942717, 71 
1619535397, 943243, 71 
1619535397, 944764, 71 
1619535397, 946537, 71 
1619535397, 948120, 71 
1619535397, 949035, 71 
1619535397, 949991, 71 
1619535397, 951492, 71 
1619535397, 952764, 71 
1619535397, 953654, 71 
1619535397, 954934, 71 
1619535397, 956109, 71 
1619535397, 958417, 71 
1619535397, 959575, 71 
1619535397, 961128, 71 
1619535397, 962895, 71 
1619535397, 964656, 71 
1619535397, 967949, 71 
1619535397, 969474, 71 
1619535397, 970633, 71 
1619535397, 973322, 71 
1619535397, 975852, 71 
1619535397, 977676, 71 
1619535397, 979806, 71 
1619535397, 981454, 71 
1619535397, 982661, 71 
1619535397, 984852, 71 
1619535397, 986947, 71 
1619535397, 988099, 71 
1619535397, 989545, 71 
1619535397, 990734, 71 
1619535397, 993896, 71 
1619535397, 996132, 71 
1619535397, 997398, 71 
1619535397, 998822, 71 
1619535398, 683, 71 
1619535398, 2551, 71 
1619535398, 5568, 71 
1619535398, 7673, 72 
1619535398, 10747, 72 
1619535398, 11992, 72 
1619535398, 14371, 72 
1619535398, 16169, 72 
1619535398, 17273, 72 
1619535398, 18783, 72 
1619535398, 20199, 72 
1619535398, 22799, 72 
1619535398, 25063, 72 
1619535398, 26405, 72 
1619535398, 28366, 72 
1619535398, 29897, 72 
1619535398, 31076, 72 
1619535398, 33634, 72 
1619535398, 35182, 72 
1619535398, 36527, 72 
1619535398, 37906, 72 
1619535398, 39199, 72 
1619535398, 40798, 72 
1619535398, 43608, 72 
1619535398, 45900, 72 
1619535398, 47607, 72 
1619535398, 49804, 72 
1619535398, 51186, 72 
1619535398, 53470, 72 
1619535398, 55322, 72 
1619535398, 57001, 72 
1619535398, 58203, 72 
1619535398, 59327, 72 
1619535398, 60709, 72 
1619535398, 63900, 72 
1619535398, 65710, 72 
1619535398, 66904, 72 
1619535398, 68640, 72 
1619535398, 70939, 72 
1619535398, 73415, 72 
1619535398, 75732, 72 
1619535398, 77419, 72 
1619535398, 78451, 72 
1619535398, 79314, 72 
1619535398, 80370, 72 
1619535398, 81971, 72 
1619535398, 83699, 72 
1619535398, 84692, 72 
1619535398, 85596, 72 
1619535398, 86459, 72 
1619535398, 87462, 72 
1619535398, 88366, 72 
1619535398, 89695, 72 
1619535398, 91195, 72 
1619535398, 93073, 72 
1619535398, 94282, 72 
1619535398, 95265, 72 
1619535398, 96673, 72 
1619535398, 98120, 72 
1619535398, 99102, 72 
1619535398, 100508, 72 
1619535398, 102032, 72 
1619535398, 103591, 72 
1619535398, 104721, 72 
1619535398, 105785, 72 
1619535398, 106884, 72 
1619535398, 107885, 72 
1619535398, 109304, 72 
1619535398, 110896, 72 
1619535398, 112574, 72 
1619535398, 113506, 72 
1619535398, 114569, 72 
1619535398, 115508, 72 
1619535398, 116529, 72 
1619535398, 118916, 72 
1619535398, 120264, 72 
1619535398, 121788, 72 
1619535398, 122806, 73 
1619535398, 125600, 73 
1619535398, 126698, 73 
1619535398, 128187, 73 
1619535398, 129188, 73 
1619535398, 130643, 73 
1619535398, 131929, 73 
1619535398, 133137, 73 
1619535398, 134189, 73 
1619535398, 135230, 73 
1619535398, 136304, 73 
1619535398, 138090, 73 
1619535398, 140094, 73 
1619535398, 141284, 73 
1619535398, 142399, 73 
1619535398, 143315, 73 
1619535398, 144267, 73 
1619535398, 145664, 73 
1619535398, 147224, 73 
1619535398, 148745, 73 
1619535398, 149972, 73 
1619535398, 151074, 73 
1619535398, 153075, 73 
1619535398, 154057, 73 
1619535398, 155015, 73 
1619535398, 155815, 73 
1619535398, 157451, 73 
1619535398, 159036, 73 
1619535398, 160313, 73 
1619535398, 161349, 73 
1619535398, 162315, 73 
1619535398, 163254, 73 
1619535398, 164120, 73 
1619535398, 165006, 73 
1619535398, 166757, 73 
1619535398, 168300, 73 
1619535398, 169722, 73 
1619535398, 170571, 73 
1619535398, 171435, 73 
1619535398, 172569, 73 
1619535398, 174142, 73 
1619535398, 174978, 73 
1619535398, 176087, 73 
1619535398, 177335, 73 
1619535398, 179010, 73 
1619535398, 180008, 73 
1619535398, 180983, 73 
1619535398, 182092, 73 
1619535398, 183147, 73 
1619535398, 184267, 73 
1619535398, 185692, 73 
1619535398, 187559, 73 
1619535398, 189589, 73 
1619535398, 190557, 73 
1619535398, 191478, 73 
1619535398, 192475, 73 
1619535398, 194031, 73 
1619535398, 195793, 73 
1619535398, 197025, 73 
1619535398, 198757, 73 
1619535398, 199596, 73 
1619535398, 201379, 73 
1619535398, 202557, 73 
1619535398, 203481, 73 
1619535398, 204933, 73 
1619535398, 206276, 73 
1619535398, 207983, 73 
1619535398, 209097, 73 
1619535398, 210028, 73 
1619535398, 211049, 73 
1619535398, 212134, 73 
1619535398, 213239, 73 
1619535398, 214716, 73 
1619535398, 216129, 73 
1619535398, 217653, 73 
1619535398, 218773, 74 
1619535398, 220333, 74 
1619535398, 222372, 74 
1619535398, 223165, 74 
1619535398, 224488, 74 
1619535398, 226053, 74 
1619535398, 226948, 74 
1619535398, 228542, 74 
1619535398, 230013, 74 
1619535398, 230820, 74 
1619535398, 231783, 74 
1619535398, 232836, 74 
1619535398, 234212, 74 
1619535398, 235928, 74 
1619535398, 237134, 74 
1619535398, 238155, 74 
1619535398, 239092, 74 
1619535398, 240292, 74 
1619535398, 241362, 74 
1619535398, 243182, 74 
1619535398, 244955, 74 
1619535398, 246127, 74 
1619535398, 247156, 74 
1619535398, 248114, 74 
1619535398, 249745, 74 
1619535398, 251018, 74 
1619535398, 252139, 74 
1619535398, 253639, 74 
1619535398, 255327, 74 
1619535398, 256293, 74 
1619535398, 257396, 74 
1619535398, 258237, 74 
1619535398, 259217, 74 
1619535398, 260041, 74 
1619535398, 260991, 74 
1619535398, 262081, 74 
1619535398, 263815, 74 
1619535398, 265901, 74 
1619535398, 267078, 74 
1619535398, 267902, 74 
1619535398, 268800, 74 
1619535398, 270237, 74 
1619535398, 271709, 74 
1619535398, 273423, 74 
1619535398, 275458, 74 
1619535398, 276611, 74 
1619535398, 278360, 74 
1619535398, 279260, 74 
1619535398, 280352, 74 
1619535398, 281403, 74 
1619535398, 282981, 74 
1619535398, 284937, 74 
1619535398, 286070, 74 
1619535398, 287059, 74 
1619535398, 288085, 74 
1619535398, 289211, 74 
1619535398, 290265, 74 
1619535398, 291752, 74 
1619535398, 293273, 74 
1619535398, 294750, 74 
1619535398, 295675, 74 
1619535398, 296664, 74 
1619535398, 298107, 74 
1619535398, 299247, 74 
1619535398, 300258, 74 
1619535398, 301336, 74 
1619535398, 303435, 74 
1619535398, 304863, 74 
1619535398, 305691, 74 
1619535398, 306530, 74 
1619535398, 307592, 74 
1619535398, 308571, 74 
1619535398, 309594, 74 
1619535398, 310578, 74 
1619535398, 312492, 74 
1619535398, 314835, 74 
1619535398, 315825, 75 
1619535398, 317666, 75 
1619535398, 319087, 75 
1619535398, 320160, 75 
1619535398, 321175, 75 
1619535398, 322807, 75 
1619535398, 324516, 75 
1619535398, 325870, 75 
1619535398, 327102, 75 
1619535398, 328106, 75 
1619535398, 329060, 75 
1619535398, 330061, 75 
1619535398, 331273, 75 
1619535398, 332864, 75 
1619535398, 334605, 75 
1619535398, 335616, 75 
1619535398, 336377, 75 
1619535398, 337372, 75 
1619535398, 338261, 75 
1619535398, 339609, 75 
1619535398, 340783, 75 
1619535398, 342470, 75 
1619535398, 344113, 75 
1619535398, 345079, 75 
1619535398, 346341, 75 
1619535398, 347746, 75 
1619535398, 348786, 75 
1619535398, 349616, 75 
1619535398, 350892, 75 
1619535398, 352188, 75 
1619535398, 353798, 75 
1619535398, 354893, 75 
1619535398, 355879, 75 
1619535398, 357015, 75 
1619535398, 358099, 75 
1619535398, 359115, 75 
1619535398, 360767, 75 
1619535398, 362886, 75 
1619535398, 364387, 75 
1619535398, 365359, 75 
1619535398, 366380, 75 
1619535398, 368137, 75 
1619535398, 369202, 75 
1619535398, 370549, 75 
1619535398, 371753, 75 
1619535398, 373402, 75 
1619535398, 374476, 75 
1619535398, 375360, 75 
1619535398, 376309, 75 
1619535398, 377513, 75 
1619535398, 378734, 75 
1619535398, 380099, 75 
1619535398, 382080, 75 
1619535398, 383715, 75 
1619535398, 384737, 75 
1619535398, 385703, 75 
1619535398, 386659, 75 
1619535398, 387781, 75 
1619535398, 389423, 75 
1619535398, 390842, 75 
1619535398, 392530, 75 
1619535398, 393851, 75 
1619535398, 395167, 75 
1619535398, 396619, 75 
1619535398, 397600, 75 
1619535398, 398718, 75 
1619535398, 399829, 75 
1619535398, 400920, 75 
1619535398, 402865, 75 
1619535398, 403879, 75 
1619535398, 404844, 75 
1619535398, 405832, 75 
1619535398, 406809, 75 
1619535398, 407759, 75 
1619535398, 409208, 75 
1619535398, 411142, 75 
1619535398, 412686, 75 
1619535398, 413669, 76 
1619535398, 415162, 76 
1619535398, 416779, 76 
1619535398, 417767, 76 
1619535398, 419156, 76 
1619535398, 420682, 76 
1619535398, 421953, 76 
1619535398, 423778, 76 
1619535398, 424751, 76 
1619535398, 425572, 76 
1619535398, 426480, 76 
1619535398, 427346, 76 
1619535398, 429263, 76 
1619535398, 430550, 76 
1619535398, 431416, 76 
1619535398, 432594, 76 
1619535398, 433470, 76 
1619535398, 434419, 76 
1619535398, 435361, 76 
1619535398, 436842, 76 
1619535398, 438549, 76 
1619535398, 440103, 76 
1619535398, 441381, 76 
1619535398, 442511, 76 
1619535398, 443830, 76 
1619535398, 445070, 76 
1619535398, 446038, 76 
1619535398, 447195, 76 
1619535398, 449212, 76 
1619535398, 450335, 76 
1619535398, 451212, 76 
1619535398, 452484, 76 
1619535398, 453421, 76 
1619535398, 454462, 76 
1619535398, 455368, 76 
1619535398, 456459, 76 
1619535398, 458169, 76 
1619535398, 459322, 76 
1619535398, 460856, 76 
1619535398, 461911, 76 
1619535398, 462955, 76 
1619535398, 464206, 76 
1619535398, 465505, 76 
1619535398, 466590, 76 
1619535398, 468821, 76 
1619535398, 470076, 76 
1619535398, 471240, 76 
1619535398, 473025, 76 
1619535398, 473959, 76 
1619535398, 474946, 76 
1619535398, 475862, 76 
1619535398, 477633, 76 
1619535398, 479194, 76 
1619535398, 480128, 76 
1619535398, 481145, 76 
1619535398, 482127, 76 
1619535398, 483252, 76 
1619535398, 484190, 76 
1619535398, 485592, 76 
1619535398, 487005, 76 
1619535398, 488660, 76 
1619535398, 489452, 76 
1619535398, 490425, 76 
1619535398, 491456, 76 
1619535398, 493431, 76 
1619535398, 494566, 76 
1619535398, 495506, 76 
1619535398, 497261, 76 
1619535398, 498905, 76 
1619535398, 499866, 76 
1619535398, 500900, 76 
1619535398, 502221, 76 
1619535398, 503510, 76 
1619535398, 504528, 76 
1619535398, 505598, 76 
1619535398, 507799, 76 
1619535398, 509193, 76 
1619535398, 510155, 76 
1619535398, 511026, 77 
1619535398, 512713, 77 
1619535398, 514188, 77 
1619535398, 515691, 77 
1619535398, 517342, 77 
1619535398, 518499, 77 
1619535398, 519590, 77 
1619535398, 521021, 77 
1619535398, 521961, 77 
1619535398, 522909, 77 
1619535398, 523984, 77 
1619535398, 525464, 77 
1619535398, 527269, 77 
1619535398, 528399, 77 
1619535398, 529334, 77 
1619535398, 530312, 77 
1619535398, 531390, 77 
1619535398, 532513, 77 
1619535398, 534034, 77 
1619535398, 536325, 77 
1619535398, 537721, 77 
1619535398, 538684, 77 
1619535398, 539738, 77 
1619535398, 541123, 77 
1619535398, 542439, 77 
1619535398, 543472, 77 
1619535398, 545274, 77 
1619535398, 546743, 77 
1619535398, 548284, 77 
1619535398, 549428, 77 
1619535398, 550284, 77 
1619535398, 551207, 77 
1619535398, 552158, 77 
1619535398, 553043, 77 
1619535398, 554400, 77 
1619535398, 555901, 77 
1619535398, 556856, 77 
1619535398, 557819, 77 
1619535398, 558883, 77 
1619535398, 559772, 77 
1619535398, 560662, 77 
1619535398, 562464, 77 
1619535398, 570278, 77 
1619535398, 571024, 77 
1619535398, 571690, 77 
1619535398, 572242, 77 
1619535398, 572725, 77 
1619535398, 573915, 77 
1619535398, 575294, 77 
1619535398, 575977, 77 
1619535398, 576697, 77 
1619535398, 577488, 77 
1619535398, 578270, 77 
1619535398, 579158, 77 
1619535398, 580030, 77 
1619535398, 581307, 77 
1619535398, 584179, 77 
1619535398, 587032, 77 
1619535398, 590393, 77 
1619535398, 592769, 77 
1619535398, 595083, 77 
1619535398, 596537, 77 
1619535398, 598501, 77 
1619535398, 599621, 77 
1619535398, 600918, 77 
1619535398, 602682, 77 
1619535398, 605118, 77 
1619535398, 606988, 77 
1619535398, 608100, 77 
1619535398, 609389, 77 
1619535398, 611394, 77 
1619535398, 613405, 77 
1619535398, 615449, 77 
1619535398, 616752, 77 
1619535398, 618550, 77 
1619535398, 619479, 77 
1619535398, 620686, 77 
1619535398, 622648, 77 
1619535398, 625168, 77 
1619535398, 626392, 78 
1619535398, 628366, 78 
1619535398, 629986, 78 
1619535398, 632675, 78 
1619535398, 634266, 78 
1619535398, 635388, 78 
1619535398, 636745, 78 
1619535398, 638327, 78 
1619535398, 639874, 78 
1619535398, 642065, 78 
1619535398, 644091, 78 
1619535398, 646320, 78 
1619535398, 647388, 78 
1619535398, 648607, 78 
1619535398, 650567, 78 
1619535398, 652569, 78 
1619535398, 653795, 78 
1619535398, 655173, 78 
1619535398, 655994, 78 
1619535398, 657118, 78 
1619535398, 658581, 78 
1619535398, 660965, 78 
1619535398, 662300, 78 
1619535398, 663446, 78 
1619535398, 664612, 78 
1619535398, 666306, 78 
1619535398, 668181, 78 
1619535398, 670330, 78 
1619535398, 672097, 78 
1619535398, 673764, 78 
1619535398, 675168, 78 
1619535398, 676173, 78 
1619535398, 678061, 78 
1619535398, 680226, 78 
1619535398, 681442, 78 
1619535398, 682793, 78 
1619535398, 683993, 78 
1619535398, 684826, 78 
1619535398, 685929, 78 
1619535398, 688046, 78 
1619535398, 689913, 78 
1619535398, 691389, 78 
1619535398, 693227, 78 
1619535398, 694833, 78 
1619535398, 695872, 78 
1619535398, 697966, 78 
1619535398, 699213, 78 
1619535398, 700098, 78 
1619535398, 701578, 78 
1619535398, 702856, 78 
1619535398, 704596, 78 
1619535398, 706824, 78 
1619535398, 708400, 78 
1619535398, 709359, 78 
1619535398, 710798, 78 
1619535398, 712470, 78 
1619535398, 714570, 78 
1619535398, 716316, 78 
1619535398, 717870, 78 
1619535398, 718736, 78 
1619535398, 720069, 78 
1619535398, 721661, 78 
1619535398, 723677, 78 
1619535398, 725286, 78 
1619535398, 727233, 78 
1619535398, 729008, 78 
1619535398, 730485, 78 
1619535398, 731740, 78 
1619535398, 732954, 78 
1619535398, 735554, 78 
1619535398, 736926, 78 
1619535398, 738594, 78 
1619535398, 739749, 78 
1619535398, 740844, 78 
1619535398, 742722, 78 
1619535398, 744899, 78 
1619535398, 746492, 78 
1619535398, 748164, 78 
1619535398, 749615, 78 
1619535398, 751492, 78 
1619535398, 752979, 79 
1619535398, 756088, 79 
1619535398, 757105, 79 
1619535398, 758594, 79 
1619535398, 759778, 79 
1619535398, 760861, 79 
1619535398, 762438, 79 
1619535398, 764676, 79 
1619535398, 766458, 79 
1619535398, 768089, 79 
1619535398, 769207, 79 
1619535398, 770811, 79 
1619535398, 772631, 79 
1619535398, 775443, 79 
1619535398, 777398, 79 
1619535398, 778903, 79 
1619535398, 779955, 79 
1619535398, 781430, 79 
1619535398, 784236, 79 
1619535398, 785605, 79 
1619535398, 786680, 79 
1619535398, 788596, 79 
1619535398, 789817, 79 
1619535398, 792112, 79 
1619535398, 794215, 79 
1619535398, 795764, 79 
1619535398, 797048, 79 
1619535398, 798762, 79 
1619535398, 800231, 79 
1619535398, 802618, 79 
1619535398, 804663, 79 
1619535398, 805953, 79 
1619535398, 807510, 79 
1619535398, 808450, 79 
1619535398, 809609, 79 
1619535398, 810978, 79 
1619535398, 813436, 79 
1619535398, 815223, 79 
1619535398, 816485, 79 
1619535398, 818058, 79 
1619535398, 819896, 79 
1619535398, 822173, 79 
1619535398, 824440, 79 
1619535398, 826343, 79 
1619535398, 828090, 79 
1619535398, 829296, 79 
1619535398, 832082, 79 
1619535398, 833710, 79 
1619535398, 858644, 79 
1619535398, 860857, 79 
1619535398, 861954, 79 
1619535398, 863093, 79 
1619535398, 864413, 79 
1619535398, 865332, 79 
1619535398, 866884, 79 
1619535398, 869595, 79 
1619535398, 871122, 79 
1619535398, 872569, 79 
1619535398, 873898, 79 
1619535398, 875931, 79 
1619535398, 877451, 79 
1619535398, 879630, 79 
1619535398, 882131, 79 
1619535398, 883835, 79 
1619535398, 885404, 79 
1619535398, 886687, 79 
1619535398, 889947, 79 
1619535398, 891421, 79 
1619535398, 893009, 79 
1619535398, 894121, 79 
1619535398, 896356, 79 
1619535398, 898403, 79 
1619535398, 900018, 79 
1619535398, 901980, 79 
1619535398, 904006, 79 
1619535398, 906319, 79 
1619535398, 908016, 79 
1619535398, 910867, 79 
1619535398, 912416, 79 
1619535398, 914112, 79 
1619535398, 915804, 79 
1619535398, 918142, 80 
1619535398, 920425, 80 
1619535398, 921853, 80 
1619535398, 924005, 80 
1619535398, 925521, 80 
1619535398, 926654, 80 
1619535398, 928443, 80 
1619535398, 930478, 80 
1619535398, 932127, 80 
1619535398, 933490, 80 
1619535398, 934625, 80 
1619535398, 935664, 80 
1619535398, 937683, 80 
1619535398, 940394, 80 
1619535398, 942150, 80 
1619535398, 943715, 80 
1619535398, 945470, 80 
1619535398, 946624, 80 
1619535398, 947744, 80 
1619535398, 949567, 80 
1619535398, 951317, 80 
1619535398, 952817, 80 
1619535398, 954234, 80 
1619535398, 955713, 80 
1619535398, 957393, 80 
1619535398, 959811, 80 
1619535398, 961547, 80 
1619535398, 963436, 80 
1619535398, 966090, 80 
1619535398, 968146, 80 
1619535398, 971975, 80 
1619535398, 973631, 80 
1619535398, 974826, 80 
1619535398, 975789, 80 
1619535398, 977886, 80 
1619535398, 980092, 80 
1619535398, 981396, 80 
1619535398, 983084, 80 
1619535398, 984540, 80 
1619535398, 986447, 80 
1619535398, 988945, 80 
1619535398, 990449, 80 
1619535398, 991824, 80 
1619535398, 994060, 80 
1619535398, 995352, 80 
1619535398, 997554, 80 
1619535398, 999955, 80 
1619535399, 1918, 80 
1619535399, 4283, 80 
1619535399, 6277, 80 
1619535399, 9193, 80 
1619535399, 10817, 80 
1619535399, 11955, 80 
1619535399, 13771, 80 
1619535399, 14969, 80 
1619535399, 17295, 80 
1619535399, 19715, 80 
1619535399, 21418, 80 
1619535399, 22776, 80 
1619535399, 23842, 80 
1619535399, 24792, 80 
1619535399, 26117, 80 
1619535399, 27929, 80 
1619535399, 28869, 80 
1619535399, 29764, 80 
1619535399, 30728, 80 
1619535399, 31832, 80 
1619535399, 32792, 80 
1619535399, 34282, 80 
1619535399, 35549, 80 
1619535399, 37211, 80 
1619535399, 38233, 80 
1619535399, 39138, 80 
1619535399, 40208, 80 
1619535399, 41717, 80 
1619535399, 42902, 80 
1619535399, 43817, 80 
1619535399, 44994, 80 
1619535399, 46437, 80 
1619535399, 47978, 80 
1619535399, 48987, 80 
1619535399, 49894, 80 
1619535399, 50885, 81 
1619535399, 52525, 81 
1619535399, 53672, 81 
1619535399, 55514, 81 
1619535399, 57251, 81 
1619535399, 58269, 81 
1619535399, 59217, 81 
1619535399, 60359, 81 
1619535399, 61683, 81 
1619535399, 63558, 81 
1619535399, 65224, 81 
1619535399, 66625, 81 
1619535399, 67615, 81 
1619535399, 69176, 81 
1619535399, 70288, 81 
1619535399, 71489, 81 
1619535399, 72516, 81 
1619535399, 73757, 81 
1619535399, 75166, 81 
1619535399, 76292, 81 
1619535399, 77396, 81 
1619535399, 78191, 81 
1619535399, 79075, 81 
1619535399, 80051, 81 
1619535399, 81126, 81 
1619535399, 83214, 81 
1619535399, 85468, 81 
1619535399, 86525, 81 
1619535399, 87330, 81 
1619535399, 88258, 81 
1619535399, 89485, 81 
1619535399, 90643, 81 
1619535399, 91696, 81 
1619535399, 93467, 81 
1619535399, 94900, 81 
1619535399, 96160, 81 
1619535399, 97614, 81 
1619535399, 98554, 81 
1619535399, 99389, 81 
1619535399, 100180, 81 
1619535399, 101215, 81 
1619535399, 102698, 81 
1619535399, 104327, 81 
1619535399, 105505, 81 
1619535399, 106499, 81 
1619535399, 107390, 81 
1619535399, 108525, 81 
1619535399, 109440, 81 
1619535399, 111217, 81 
1619535399, 112842, 81 
1619535399, 114267, 81 
1619535399, 115166, 81 
1619535399, 116423, 81 
1619535399, 118270, 81 
1619535399, 119195, 81 
1619535399, 120120, 81 
1619535399, 120941, 81 
1619535399, 122879, 81 
1619535399, 124583, 81 
1619535399, 125701, 81 
1619535399, 126688, 81 
1619535399, 127678, 81 
1619535399, 128646, 81 
1619535399, 129924, 81 
1619535399, 131542, 81 
1619535399, 133706, 81 
1619535399, 134812, 81 
1619535399, 135639, 81 
1619535399, 136592, 81 
1619535399, 137935, 81 
1619535399, 139320, 81 
1619535399, 140268, 81 
1619535399, 141201, 81 
1619535399, 143475, 81 
1619535399, 144933, 81 
1619535399, 146033, 81 
1619535399, 146929, 81 
1619535399, 147912, 81 
1619535399, 148908, 81 
1619535399, 149957, 81 
1619535399, 151469, 81 
1619535399, 153770, 81 
1619535399, 154699, 81 
1619535399, 155586, 82 
1619535399, 157130, 82 
1619535399, 158184, 82 
1619535399, 160387, 82 
1619535399, 162364, 82 
1619535399, 163529, 82 
1619535399, 164622, 82 
1619535399, 165878, 82 
1619535399, 167170, 82 
1619535399, 168130, 82 
1619535399, 169205, 82 
1619535399, 170496, 82 
1619535399, 171820, 82 
1619535399, 173818, 82 
1619535399, 174731, 82 
1619535399, 175749, 82 
1619535399, 176831, 82 
1619535399, 178227, 82 
1619535399, 179354, 82 
1619535399, 180761, 82 
1619535399, 182299, 82 
1619535399, 183424, 82 
1619535399, 184254, 82 
1619535399, 185159, 82 
1619535399, 186343, 82 
1619535399, 188436, 82 
1619535399, 189585, 82 
1619535399, 191164, 82 
1619535399, 192607, 82 
1619535399, 194369, 82 
1619535399, 195250, 82 
1619535399, 196057, 82 
1619535399, 197163, 82 
1619535399, 198563, 82 
1619535399, 199937, 82 
1619535399, 201105, 82 
1619535399, 202143, 82 
1619535399, 203182, 82 
1619535399, 204099, 82 
1619535399, 205117, 82 
1619535399, 206189, 82 
1619535399, 207945, 82 
1619535399, 209628, 82 
1619535399, 210821, 82 
1619535399, 211818, 82 
1619535399, 212685, 82 
1619535399, 213668, 82 
1619535399, 215250, 82 
1619535399, 216260, 82 
1619535399, 217711, 82 
1619535399, 218829, 82 
1619535399, 220249, 82 
1619535399, 220951, 82 
1619535399, 222590, 82 
1619535399, 223835, 82 
1619535399, 225429, 82 
1619535399, 227989, 82 
1619535399, 230778, 82 
1619535399, 233438, 82 
1619535399, 237214, 82 
1619535399, 240977, 82 
1619535399, 246243, 82 
1619535399, 250886, 82 
1619535399, 255041, 82 
1619535399, 260362, 82 
1619535399, 265983, 82 
1619535399, 272064, 82 
1619535399, 277996, 82 
1619535399, 285199, 82 
1619535399, 292504, 82 
1619535399, 299951, 82 
1619535399, 307332, 82 
1619535399, 315493, 82 
1619535399, 323656, 82 
1619535399, 332220, 82 
1619535399, 342334, 82 
1619535399, 353122, 82 
1619535399, 363226, 82 
1619535399, 375153, 82 
1619535399, 386474, 82 
1619535399, 397358, 82 
1619535399, 409223, 82 
1619535399, 420188, 82 
1619535399, 432516, 82 
1619535399, 444307, 83 
1619535399, 458359, 83 
1619535399, 472781, 83 
1619535399, 487959, 83 
1619535399, 502303, 83 
1619535399, 516762, 83 
1619535399, 531607, 83 
1619535399, 546838, 83 
1619535399, 562360, 83 
1619535399, 579719, 83 
1619535399, 600481, 83 
1619535399, 617793, 83 
1619535399, 635774, 83 
1619535399, 655015, 83 
1619535399, 678179, 83 
1619535399, 696082, 83 
1619535399, 715168, 83 
1619535399, 735871, 83 
1619535399, 757505, 83 
1619535399, 777810, 83 
1619535399, 798919, 83 
1619535399, 819857, 83 
1619535399, 839842, 83 
1619535399, 860233, 83 
1619535399, 883617, 83 
1619535399, 905264, 83 
1619535399, 928469, 83 
1619535399, 951808, 83 
1619535399, 975451, 83 
1619535399, 998380, 83 
1619535400, 24426, 83 
1619535400, 48991, 83 
1619535400, 75602, 83 
1619535400, 101774, 83 
1619535400, 128880, 83 
1619535400, 156003, 83 
1619535400, 184314, 83 
1619535400, 210814, 83 
1619535400, 237449, 83 
1619535400, 264025, 83 
1619535400, 290338, 83 
1619535400, 318640, 83 
1619535400, 348395, 83 
1619535400, 376112, 83 
1619535400, 404739, 83 
1619535400, 437308, 83 
1619535400, 466726, 83 
1619535400, 497279, 83 
1619535400, 528266, 83 
1619535400, 558206, 83 
