1620157549, 286976, 2 
1620157551, 914745, 2 
1620157551, 916404, 3 
1620157551, 924842, 4 
1620157551, 940038, 5 
1620157551, 948678, 2 
1620157551, 950174, 3 
1620157551, 954471, 4 
1620157551, 961112, 5 
1620157551, 971865, 6 
1620157551, 980349, 7 
1620157551, 990112, 8 
1620157552, 16904, 2 
1620157552, 18890, 3 
1620157552, 23045, 4 
1620157552, 25390, 2 
1620157552, 27301, 3 
1620157552, 35304, 4 
1620157552, 51160, 2 
1620157552, 52566, 3 
1620157552, 56508, 4 
1620157552, 62501, 5 
1620157552, 72983, 2 
1620157552, 75141, 3 
1620157552, 81757, 4 
1620157552, 96856, 2 
1620157552, 98888, 3 
1620157552, 108916, 4 
1620157552, 128633, 5 
1620157552, 132841, 2 
1620157552, 134169, 3 
1620157552, 154911, 2 
1620157552, 156322, 3 
1620157552, 160411, 4 
1620157552, 171798, 2 
1620157552, 173055, 3 
1620157552, 183837, 2 
1620157552, 185287, 3 
1620157552, 189168, 4 
1620157552, 197058, 2 
1620157552, 198651, 3 
1620157552, 210228, 4 
1620157552, 215496, 5 
1620157552, 222563, 6 
1620157552, 226753, 2 
1620157552, 228549, 3 
1620157552, 233530, 4 
1620157552, 238648, 5 
1620157552, 249962, 2 
1620157552, 251388, 3 
1620157552, 272613, 2 
1620157552, 273960, 3 
1620157552, 285710, 2 
1620157552, 287346, 3 
1620157552, 293928, 4 
1620157552, 301074, 5 
1620157552, 307620, 6 
1620157552, 315233, 7 
1620157552, 323196, 2 
1620157552, 331179, 3 
1620157552, 334101, 4 
1620157552, 339395, 5 
1620157552, 344831, 2 
1620157552, 345855, 3 
1620157552, 350250, 4 
1620157552, 356958, 5 
1620157552, 360182, 2 
1620157552, 363668, 3 
1620157552, 372294, 2 
1620157552, 373656, 3 
1620157552, 378808, 4 
1620157552, 386010, 5 
1620157552, 396758, 2 
1620157552, 396769, 3 
1620157552, 400130, 4 
1620157552, 406894, 2 
1620157552, 410176, 3 
1620157552, 418186, 4 
1620157552, 424867, 5 
1620157552, 429007, 2 
1620157552, 437674, 2 
1620157552, 439074, 3 
1620157552, 451045, 2 
1620157552, 452361, 3 
1620157552, 456137, 4 
1620157552, 458960, 2 
1620157552, 460045, 3 
1620157552, 466309, 2 
1620157552, 467773, 3 
1620157552, 471875, 4 
1620157552, 484321, 5 
1620157552, 494071, 2 
1620157552, 495791, 3 
1620157552, 505574, 4 
1620157552, 512192, 5 
1620157552, 517851, 2 
1620157552, 519755, 3 
1620157552, 535207, 2 
1620157552, 549276, 2 
1620157552, 550663, 3 
1620157552, 556769, 4 
1620157552, 570062, 2 
1620157552, 571399, 3 
1620157552, 577396, 4 
1620157552, 583746, 2 
1620157552, 585409, 3 
1620157552, 591592, 4 
1620157552, 605185, 5 
1620157552, 612128, 2 
1620157552, 613668, 3 
1620157552, 620500, 4 
1620157552, 629486, 2 
1620157552, 630614, 3 
1620157552, 644960, 2 
1620157552, 648154, 3 
1620157552, 669568, 2 
1620157552, 671006, 3 
1620157552, 676545, 4 
1620157552, 682849, 2 
1620157552, 684725, 3 
1620157552, 692724, 4 
1620157552, 698449, 2 
1620157552, 700127, 3 
1620157552, 707759, 2 
1620157552, 707780, 3 
1620157552, 712473, 4 
1620157552, 717352, 2 
1620157552, 719443, 3 
1620157552, 745808, 2 
1620157552, 747163, 3 
1620157552, 753261, 4 
1620157552, 762825, 5 
1620157552, 776012, 2 
1620157552, 777290, 3 
1620157552, 783001, 4 
1620157552, 794440, 5 
1620157552, 800178, 2 
1620157552, 802026, 3 
1620157552, 812221, 4 
1620157552, 823384, 5 
1620157552, 843890, 2 
1620157552, 864468, 2 
1620157552, 865928, 3 
1620157552, 870235, 4 
1620157552, 876850, 5 
1620157552, 885556, 2 
1620157552, 887781, 3 
1620157552, 898510, 4 
1620157552, 911010, 5 
1620157552, 919812, 6 
1620157552, 938115, 2 
1620157552, 940091, 3 
1620157552, 943986, 4 
1620157552, 951163, 2 
1620157552, 952601, 3 
1620157552, 961835, 4 
1620157552, 972032, 5 
1620157552, 976964, 2 
1620157552, 983751, 3 
1620157552, 990137, 4 
1620157553, 6714, 2 
1620157553, 9523, 3 
1620157553, 16039, 4 
1620157553, 26510, 5 
1620157553, 38290, 6 
1620157553, 48424, 2 
1620157553, 51843, 3 
1620157553, 53477, 4 
1620157553, 60504, 5 
1620157553, 69513, 6 
1620157553, 77456, 7 
1620157553, 86434, 2 
1620157553, 88271, 3 
1620157553, 90047, 4 
1620157553, 99125, 5 
1620157553, 102747, 2 
1620157553, 104094, 3 
1620157553, 109174, 4 
1620157553, 117186, 2 
1620157553, 121296, 3 
1620157553, 133701, 2 
1620157553, 135163, 3 
1620157553, 139459, 4 
1620157553, 143740, 2 
1620157553, 147051, 3 
1620157553, 152735, 4 
1620157553, 156402, 2 
1620157553, 158411, 3 
1620157553, 165911, 2 
1620157553, 168717, 3 
1620157553, 175745, 4 
1620157553, 181880, 2 
1620157553, 183129, 3 
1620157553, 189014, 4 
1620157553, 193097, 5 
1620157553, 201398, 6 
1620157553, 217329, 7 
1620157553, 246852, 2 
1620157553, 250399, 3 
1620157553, 262948, 4 
1620157553, 267779, 5 
1620157553, 274433, 6 
1620157553, 285625, 7 
1620157553, 294679, 8 
1620157553, 298718, 2 
1620157553, 300377, 3 
1620157553, 305835, 4 
1620157553, 307779, 5 
1620157553, 313694, 6 
1620157553, 324794, 7 
1620157553, 336966, 8 
1620157553, 352078, 2 
1620157553, 353383, 3 
1620157553, 358309, 4 
1620157553, 370966, 2 
1620157553, 372454, 3 
1620157553, 392974, 2 
1620157553, 394494, 3 
1620157553, 412670, 4 
1620157553, 417468, 2 
1620157553, 418846, 3 
1620157553, 438720, 2 
1620157553, 440190, 3 
1620157553, 447800, 4 
1620157553, 456847, 5 
1620157553, 459525, 2 
1620157553, 476910, 2 
1620157553, 478202, 3 
1620157553, 483305, 4 
1620157553, 498713, 2 
1620157553, 501483, 3 
1620157553, 509971, 4 
1620157553, 517084, 5 
1620157553, 531452, 6 
1620157553, 546276, 2 
1620157553, 547556, 3 
1620157553, 548859, 4 
1620157553, 559624, 5 
1620157553, 565788, 2 
1620157553, 567460, 3 
1620157553, 582348, 2 
1620157553, 583735, 3 
1620157553, 596705, 2 
1620157553, 609113, 2 
1620157553, 610374, 3 
1620157553, 614373, 4 
1620157553, 620137, 5 
1620157553, 627655, 6 
1620157553, 639716, 7 
1620157553, 651165, 8 
1620157553, 662113, 9 
1620157553, 665897, 2 
1620157553, 668463, 3 
1620157553, 670545, 4 
1620157553, 672244, 5 
1620157553, 704855, 2 
1620157553, 706612, 3 
1620157553, 713883, 4 
1620157553, 718362, 2 
1620157553, 719818, 3 
1620157553, 724504, 4 
1620157553, 733608, 2 
1620157553, 735060, 3 
1620157553, 740001, 4 
1620157553, 752071, 2 
1620157553, 752080, 3 
1620157553, 753927, 2 
1620157553, 769461, 2 
1620157553, 773953, 3 
1620157553, 808108, 4 
1620157553, 845542, 5 
1620157553, 884203, 6 
1620157553, 940480, 7 
1620157553, 963377, 8 
1620157553, 986364, 9 
1620157554, 17457, 2 
1620157554, 19181, 3 
1620157554, 21049, 4 
1620157554, 22569, 5 
1620157554, 34518, 6 
1620157554, 41615, 7 
1620157554, 52144, 2 
1620157554, 53594, 3 
1620157554, 55146, 4 
1620157554, 61506, 5 
1620157554, 76818, 2 
1620157554, 78463, 3 
1620157554, 100123, 2 
1620157554, 101441, 3 
1620157554, 111595, 4 
1620157554, 116333, 5 
1620157554, 118908, 2 
1620157554, 120990, 3 
1620157554, 128396, 4 
1620157554, 137070, 5 
1620157554, 140551, 2 
1620157554, 153247, 2 
1620157554, 154685, 3 
1620157554, 161452, 4 
1620157554, 173596, 2 
1620157554, 175265, 3 
1620157554, 192525, 2 
1620157554, 194851, 3 
1620157554, 209795, 2 
1620157554, 217354, 2 
1620157554, 218739, 3 
1620157554, 223165, 4 
1620157554, 229877, 5 
1620157554, 237749, 6 
1620157554, 247149, 2 
1620157554, 248628, 3 
1620157554, 250080, 4 
1620157554, 269518, 2 
1620157554, 270743, 3 
1620157554, 274748, 4 
1620157554, 287129, 2 
1620157554, 288818, 3 
1620157554, 317698, 2 
1620157554, 319027, 3 
1620157554, 328755, 2 
1620157554, 330142, 3 
1620157554, 343172, 2 
1620157554, 344481, 3 
1620157554, 348834, 4 
1620157554, 356822, 5 
1620157554, 363197, 6 
1620157554, 366545, 2 
1620157554, 371864, 3 
1620157554, 374031, 4 
1620157554, 387418, 2 
1620157554, 388690, 3 
1620157554, 403335, 4 
1620157554, 412706, 5 
1620157554, 426328, 6 
1620157554, 437082, 7 
1620157554, 454309, 2 
1620157554, 459231, 3 
1620157554, 461431, 4 
1620157554, 472363, 5 
1620157554, 475014, 2 
1620157554, 476712, 3 
1620157554, 488908, 4 
1620157554, 494869, 5 
1620157554, 509636, 6 
1620157554, 518940, 2 
1620157554, 522579, 3 
1620157554, 529008, 4 
1620157554, 563189, 2 
1620157554, 564701, 3 
1620157554, 567609, 2 
1620157554, 569391, 3 
1620157554, 584356, 4 
1620157554, 590134, 5 
1620157554, 604358, 6 
1620157554, 615078, 7 
1620157554, 620077, 2 
1620157554, 622174, 3 
1620157554, 624558, 4 
1620157554, 627713, 2 
1620157554, 631245, 3 
1620157554, 647361, 2 
1620157554, 648906, 3 
1620157554, 661683, 2 
1620157554, 663118, 3 
1620157554, 674589, 2 
1620157554, 675919, 3 
1620157554, 681708, 4 
1620157554, 689565, 2 
1620157554, 696137, 2 
1620157554, 710444, 2 
1620157554, 711825, 3 
1620157554, 717139, 2 
1620157554, 718000, 3 
1620157554, 725497, 4 
1620157554, 731226, 5 
1620157554, 740562, 2 
1620157554, 741858, 3 
1620157554, 746281, 4 
1620157554, 751599, 5 
1620157554, 762616, 2 
1620157554, 765016, 3 
1620157554, 770603, 4 
1620157554, 777347, 2 
1620157554, 779133, 3 
1620157554, 789758, 4 
1620157554, 804991, 2 
1620157554, 807376, 3 
1620157554, 820958, 2 
1620157554, 822279, 3 
1620157554, 833384, 2 
1620157554, 834637, 3 
1620157554, 843682, 2 
1620157554, 845329, 3 
1620157554, 851419, 4 
1620157554, 857527, 2 
1620157554, 862845, 2 
1620157554, 864291, 3 
1620157554, 868744, 4 
1620157554, 874394, 2 
1620157554, 876150, 3 
1620157554, 884899, 2 
1620157554, 884908, 3 
1620157554, 899718, 2 
1620157554, 901505, 3 
1620157554, 913376, 2 
1620157554, 914639, 3 
1620157554, 918160, 4 
1620157554, 926544, 5 
1620157554, 932482, 2 
1620157554, 933945, 3 
1620157554, 941394, 4 
1620157554, 945141, 2 
1620157554, 946156, 3 
1620157554, 950905, 4 
1620157554, 957738, 5 
1620157554, 970204, 6 
1620157554, 975325, 2 
1620157554, 976708, 3 
1620157554, 978053, 4 
1620157554, 984828, 5 
1620157555, 4006, 2 
1620157555, 16402, 2 
1620157555, 17819, 3 
1620157555, 28804, 2 
1620157555, 30097, 3 
1620157555, 35976, 4 
1620157555, 39442, 2 
1620157555, 40637, 3 
1620157555, 45667, 4 
1620157555, 51187, 2 
1620157555, 52265, 3 
1620157555, 68806, 2 
1620157555, 70190, 3 
1620157555, 78719, 2 
1620157555, 80145, 3 
1620157555, 86497, 4 
1620157555, 103412, 5 
1620157555, 109436, 6 
1620157555, 125273, 2 
1620157555, 127081, 3 
1620157555, 131908, 4 
1620157555, 134804, 2 
1620157555, 136767, 3 
1620157555, 156920, 2 
1620157555, 158293, 3 
1620157555, 172271, 2 
1620157555, 173779, 3 
1620157555, 195004, 2 
1620157555, 197115, 3 
1620157555, 204984, 4 
1620157555, 222202, 2 
1620157555, 223415, 3 
1620157555, 236753, 2 
1620157555, 238079, 3 
1620157555, 242740, 4 
1620157555, 250603, 2 
1620157555, 250626, 3 
1620157555, 258142, 4 
1620157555, 294486, 2 
1620157555, 296356, 3 
1620157555, 318054, 2 
1620157555, 319990, 3 
1620157555, 334626, 2 
1620157555, 336258, 3 
1620157555, 342354, 4 
1620157555, 354052, 2 
1620157555, 358764, 3 
1620157555, 374372, 2 
1620157555, 377537, 3 
1620157555, 389306, 2 
1620157555, 391318, 3 
1620157555, 413308, 2 
1620157555, 414823, 3 
1620157555, 420988, 4 
1620157555, 425475, 5 
1620157555, 431862, 6 
1620157555, 448272, 7 
1620157555, 464544, 8 
1620157555, 474421, 9 
1620157555, 478611, 2 
1620157555, 499959, 2 
1620157555, 501221, 3 
1620157555, 523286, 2 
1620157555, 524850, 3 
1620157555, 541869, 2 
1620157555, 543246, 3 
1620157555, 546441, 2 
1620157555, 558639, 2 
1620157555, 560198, 3 
1620157555, 564375, 4 
1620157555, 573532, 2 
1620157555, 573706, 3 
1620157555, 585311, 4 
1620157555, 591139, 5 
1620157555, 606251, 6 
1620157555, 613287, 2 
1620157555, 618087, 3 
1620157555, 630707, 2 
1620157555, 632143, 3 
1620157555, 637957, 4 
1620157555, 649634, 5 
1620157555, 661821, 6 
1620157555, 675673, 7 
1620157555, 696955, 8 
1620157555, 711634, 9 
1620157555, 731038, 10 
1620157555, 736277, 2 
1620157555, 737857, 3 
1620157555, 741139, 4 
1620157555, 744920, 5 
1620157555, 746985, 6 
1620157555, 754333, 7 
1620157555, 765069, 2 
1620157555, 766551, 3 
1620157555, 769246, 4 
1620157555, 775659, 5 
1620157555, 785317, 2 
1620157555, 786813, 3 
1620157555, 802909, 2 
1620157555, 819125, 2 
1620157555, 834143, 2 
1620157555, 835527, 3 
1620157555, 839818, 4 
1620157555, 842896, 2 
1620157555, 844617, 3 
1620157555, 859060, 4 
1620157555, 865374, 5 
1620157555, 883380, 2 
1620157555, 884877, 3 
1620157555, 909124, 2 
1620157555, 910435, 3 
1620157555, 925977, 2 
1620157555, 927313, 3 
1620157555, 931198, 4 
1620157555, 939082, 2 
1620157555, 940521, 3 
1620157555, 947836, 2 
1620157555, 949136, 3 
1620157555, 953867, 4 
1620157555, 962303, 5 
1620157555, 967538, 2 
1620157555, 979883, 2 
1620157555, 981246, 3 
1620157555, 986765, 4 
1620157555, 999198, 2 
1620157555, 999332, 3 
1620157556, 4768, 4 
1620157556, 14071, 2 
1620157556, 15540, 3 
1620157556, 19852, 4 
1620157556, 25658, 5 
1620157556, 30843, 2 
1620157556, 32742, 3 
1620157556, 45527, 2 
1620157556, 54922, 2 
1620157556, 56376, 3 
1620157556, 60761, 4 
1620157556, 66010, 5 
1620157556, 75073, 2 
1620157556, 76455, 3 
1620157556, 81853, 4 
1620157556, 93146, 2 
1620157556, 93167, 3 
1620157556, 95704, 2 
1620157556, 97159, 3 
1620157556, 108715, 4 
1620157556, 128572, 2 
1620157556, 148531, 2 
1620157556, 149893, 3 
1620157556, 165560, 2 
1620157556, 168285, 3 
1620157556, 172656, 4 
1620157556, 180452, 2 
1620157556, 180605, 3 
1620157556, 188417, 4 
1620157556, 192351, 2 
1620157556, 204742, 2 
1620157556, 206613, 3 
1620157556, 212263, 4 
1620157556, 214884, 2 
1620157556, 215901, 3 
1620157556, 223824, 4 
1620157556, 229154, 5 
1620157556, 236600, 6 
1620157556, 248435, 2 
1620157556, 250082, 3 
1620157556, 252423, 4 
1620157556, 262000, 2 
1620157556, 268215, 3 
1620157556, 299303, 2 
1620157556, 315011, 2 
1620157556, 316585, 3 
1620157556, 329944, 2 
1620157556, 331197, 3 
1620157556, 343668, 2 
1620157556, 345039, 3 
1620157556, 358126, 2 
1620157556, 359319, 3 
1620157556, 363573, 4 
1620157556, 371764, 2 
1620157556, 371786, 3 
1620157556, 396504, 2 
1620157556, 414528, 2 
1620157556, 416322, 3 
1620157556, 432624, 2 
1620157556, 434194, 3 
1620157556, 441057, 4 
1620157556, 462823, 2 
1620157556, 464424, 3 
1620157556, 479821, 2 
1620157556, 481211, 3 
1620157556, 491954, 2 
1620157556, 494558, 3 
1620157556, 500439, 4 
1620157556, 507186, 5 
1620157556, 512141, 2 
1620157556, 521248, 2 
1620157556, 522690, 3 
1620157556, 536530, 2 
1620157556, 545455, 2 
1620157556, 546708, 3 
1620157556, 555020, 2 
1620157556, 556641, 3 
1620157556, 565348, 4 
1620157556, 575400, 2 
1620157556, 576924, 3 
1620157556, 592745, 2 
1620157556, 594196, 3 
1620157556, 600216, 4 
1620157556, 610571, 2 
1620157556, 612050, 3 
1620157556, 617342, 4 
1620157556, 635670, 2 
1620157556, 637276, 3 
1620157556, 648970, 2 
1620157556, 650269, 3 
1620157556, 654403, 4 
1620157556, 657511, 2 
1620157556, 661332, 3 
1620157556, 669427, 4 
1620157556, 680854, 2 
1620157556, 682103, 3 
1620157556, 688101, 4 
1620157556, 694912, 5 
1620157556, 700101, 2 
1620157556, 701840, 3 
1620157556, 709148, 4 
1620157556, 723078, 2 
1620157556, 724648, 3 
1620157556, 729164, 4 
1620157556, 733001, 2 
1620157556, 740933, 2 
1620157556, 742303, 3 
1620157556, 750768, 2 
1620157556, 752253, 3 
1620157556, 758951, 4 
1620157556, 773260, 2 
1620157556, 773281, 3 
1620157556, 775891, 2 
1620157556, 780357, 3 
1620157556, 783899, 2 
1620157556, 785593, 3 
1620157556, 792981, 2 
1620157556, 794947, 3 
1620157556, 802288, 4 
1620157556, 821987, 2 
1620157556, 823452, 3 
1620157556, 848178, 2 
1620157556, 852988, 3 
1620157556, 857219, 4 
1620157556, 867125, 5 
1620157556, 883216, 2 
1620157556, 884746, 3 
1620157556, 891014, 4 
1620157556, 900404, 2 
1620157556, 908918, 2 
1620157556, 910165, 3 
1620157556, 924453, 2 
1620157556, 928597, 3 
1620157556, 940171, 4 
1620157556, 948071, 5 
1620157556, 952883, 2 
1620157556, 956656, 3 
1620157556, 977870, 2 
1620157556, 977879, 3 
1620157557, 3889, 2 
1620157557, 11841, 3 
1620157557, 17995, 4 
1620157557, 28101, 5 
1620157557, 35532, 6 
1620157557, 56016, 7 
1620157557, 62800, 2 
1620157557, 64394, 3 
1620157557, 66424, 4 
1620157557, 83172, 2 
1620157557, 84622, 3 
1620157557, 101741, 2 
1620157557, 103139, 3 
1620157557, 107471, 4 
1620157557, 115880, 5 
1620157557, 129652, 6 
1620157557, 138355, 7 
1620157557, 160794, 8 
1620157557, 173960, 2 
1620157557, 175421, 3 
1620157557, 177222, 4 
1620157557, 180309, 5 
1620157557, 189520, 2 
1620157557, 191115, 3 
1620157557, 211650, 2 
1620157557, 212994, 3 
1620157557, 222087, 4 
1620157557, 235568, 5 
1620157557, 240822, 2 
1620157557, 242008, 3 
1620157557, 253527, 4 
1620157557, 258605, 5 
1620157557, 261448, 2 
1620157557, 273193, 2 
1620157557, 274733, 3 
1620157557, 286304, 2 
1620157557, 287906, 3 
1620157557, 294124, 4 
1620157557, 301091, 5 
1620157557, 308773, 6 
1620157557, 315925, 7 
1620157557, 327260, 8 
1620157557, 337091, 2 
1620157557, 338463, 3 
1620157557, 339837, 4 
1620157557, 341194, 5 
1620157557, 349383, 6 
1620157557, 358059, 7 
1620157557, 364890, 2 
1620157557, 368737, 3 
1620157557, 370926, 4 
1620157557, 378868, 5 
1620157557, 387225, 2 
1620157557, 388812, 3 
1620157557, 402003, 4 
1620157557, 419136, 2 
1620157557, 420468, 3 
1620157557, 425067, 4 
1620157557, 432311, 5 
1620157557, 436972, 2 
1620157557, 438678, 3 
1620157557, 448335, 4 
1620157557, 451698, 2 
1620157557, 453184, 3 
1620157557, 469239, 2 
1620157557, 473245, 3 
1620157557, 477731, 4 
1620157557, 482897, 2 
1620157557, 487036, 3 
1620157557, 493306, 4 
1620157557, 502256, 5 
1620157557, 508717, 6 
1620157557, 517149, 2 
1620157557, 518536, 3 
1620157557, 523333, 4 
1620157557, 526296, 2 
1620157557, 528322, 3 
1620157557, 540283, 2 
1620157557, 542044, 3 
1620157557, 556302, 2 
1620157557, 557837, 3 
1620157557, 561760, 4 
1620157557, 570571, 2 
1620157557, 577488, 2 
1620157557, 578912, 3 
1620157557, 583294, 4 
1620157557, 592687, 2 
1620157557, 594165, 3 
1620157557, 600069, 4 
1620157557, 607900, 5 
1620157557, 616448, 6 
1620157557, 629801, 7 
1620157557, 644790, 2 
1620157557, 646960, 3 
1620157557, 674759, 2 
1620157557, 676223, 3 
1620157557, 682876, 4 
1620157557, 695782, 5 
1620157557, 704203, 6 
1620157557, 708670, 2 
1620157557, 711104, 3 
1620157557, 720130, 4 
1620157557, 723047, 2 
1620157557, 743004, 2 
1620157557, 764155, 2 
1620157557, 766659, 3 
1620157557, 791111, 2 
1620157557, 792526, 3 
1620157557, 796601, 4 
1620157557, 799167, 2 
1620157557, 800358, 3 
1620157557, 807913, 4 
1620157557, 814167, 5 
1620157557, 824654, 2 
1620157557, 826027, 3 
1620157557, 846786, 2 
1620157557, 849192, 3 
1620157557, 856338, 4 
1620157557, 861849, 5 
1620157557, 870597, 2 
1620157557, 872321, 3 
1620157557, 879758, 4 
1620157557, 895222, 2 
1620157557, 895232, 3 
1620157557, 898430, 4 
1620157557, 913976, 2 
1620157557, 915249, 3 
1620157557, 924282, 4 
1620157557, 940878, 2 
1620157557, 942173, 3 
1620157557, 946434, 4 
1620157557, 952250, 5 
1620157557, 955735, 2 
1620157557, 957523, 3 
1620157557, 968972, 4 
1620157557, 971721, 2 
1620157557, 973004, 3 
1620157557, 988522, 2 
1620157558, 1961, 2 
1620157558, 3528, 3 
1620157558, 17194, 2 
1620157558, 18643, 3 
1620157558, 22680, 4 
1620157558, 27240, 2 
1620157558, 28478, 3 
1620157558, 40963, 2 
1620157558, 42178, 3 
1620157558, 50389, 2 
1620157558, 51788, 3 
1620157558, 61290, 4 
1620157558, 72056, 5 
1620157558, 77552, 2 
1620157558, 79273, 3 
1620157558, 87640, 4 
1620157558, 96287, 5 
1620157558, 108104, 6 
1620157558, 116221, 7 
1620157558, 126910, 8 
1620157558, 137671, 2 
1620157558, 142154, 3 
1620157558, 143502, 4 
1620157558, 144832, 5 
1620157558, 151608, 6 
1620157558, 162082, 7 
1620157558, 180788, 2 
1620157558, 182427, 3 
1620157558, 184384, 4 
1620157558, 192107, 5 
1620157558, 207923, 2 
1620157558, 220630, 2 
1620157558, 222071, 3 
1620157558, 244414, 2 
1620157558, 245938, 3 
1620157558, 252349, 4 
1620157558, 255706, 2 
1620157558, 257058, 3 
1620157558, 272809, 2 
1620157558, 274233, 3 
1620157558, 278237, 4 
1620157558, 287934, 2 
1620157558, 289894, 3 
1620157558, 293738, 4 
1620157558, 299122, 5 
1620157558, 321540, 2 
1620157558, 322903, 3 
1620157558, 330024, 4 
1620157558, 339379, 2 
1620157558, 340651, 3 
1620157558, 345135, 4 
1620157558, 360515, 2 
1620157558, 360524, 3 
1620157558, 364058, 4 
1620157558, 371108, 5 
1620157558, 380248, 6 
1620157558, 388392, 2 
1620157558, 390456, 3 
1620157558, 392944, 4 
1620157558, 407639, 2 
1620157558, 409055, 3 
1620157558, 430448, 2 
1620157558, 431767, 3 
1620157558, 445651, 2 
1620157558, 447051, 3 
1620157558, 450918, 4 
1620157558, 454828, 2 
1620157558, 461454, 2 
1620157558, 462665, 3 
1620157558, 471664, 2 
1620157558, 472971, 3 
1620157558, 477613, 4 
1620157558, 486578, 5 
1620157558, 508767, 2 
1620157558, 531981, 2 
1620157558, 534185, 3 
1620157558, 539653, 4 
1620157558, 548904, 5 
1620157558, 554809, 2 
1620157558, 556531, 3 
1620157558, 575372, 2 
1620157558, 578840, 3 
1620157558, 588533, 2 
1620157558, 589802, 3 
1620157558, 599890, 4 
1620157558, 610600, 5 
1620157558, 617030, 2 
1620157558, 618810, 3 
1620157558, 634854, 2 
1620157558, 636906, 3 
1620157558, 658977, 2 
1620157558, 660662, 3 
1620157558, 672530, 4 
1620157558, 676908, 2 
1620157558, 682386, 3 
1620157558, 710852, 2 
1620157558, 729757, 2 
1620157558, 732398, 3 
1620157558, 737948, 4 
1620157558, 749157, 2 
1620157558, 750704, 3 
1620157558, 757801, 4 
1620157558, 763834, 5 
1620157558, 769245, 2 
1620157558, 771461, 3 
1620157558, 798463, 2 
1620157558, 816201, 2 
1620157558, 819158, 3 
1620157558, 831813, 2 
1620157558, 833137, 3 
1620157558, 845044, 2 
1620157558, 853221, 2 
1620157558, 854474, 3 
1620157558, 860659, 4 
1620157558, 863535, 2 
1620157558, 865084, 3 
1620157558, 870245, 4 
1620157558, 873057, 2 
1620157558, 874990, 3 
1620157558, 880760, 4 
1620157558, 896368, 5 
1620157558, 901897, 2 
1620157558, 903489, 3 
1620157558, 909802, 4 
1620157558, 929228, 2 
1620157558, 931430, 3 
1620157558, 940333, 4 
1620157558, 947228, 2 
1620157558, 948939, 3 
1620157558, 964867, 2 
1620157558, 966248, 3 
1620157558, 970677, 4 
1620157558, 978500, 5 
1620157558, 985571, 2 
1620157558, 987435, 3 
1620157558, 996458, 4 
1620157559, 1916, 2 
1620157559, 13084, 2 
1620157559, 14860, 3 
1620157559, 19566, 4 
1620157559, 26034, 2 
1620157559, 33063, 2 
1620157559, 36397, 3 
1620157559, 47016, 4 
1620157559, 53330, 2 
1620157559, 58032, 3 
1620157559, 73169, 2 
1620157559, 73190, 3 
1620157559, 77286, 2 
1620157559, 80178, 3 
1620157559, 96190, 4 
1620157559, 101736, 2 
1620157559, 103326, 3 
1620157559, 128147, 2 
1620157559, 129443, 3 
1620157559, 144646, 2 
1620157559, 152142, 3 
1620157559, 162245, 4 
1620157559, 176173, 5 
1620157559, 197994, 2 
1620157559, 199428, 3 
1620157559, 221896, 2 
1620157559, 238112, 2 
1620157559, 253117, 2 
1620157559, 254686, 3 
1620157559, 260383, 4 
1620157559, 265316, 5 
1620157559, 271449, 6 
1620157559, 276367, 2 
1620157559, 285572, 2 
1620157559, 287093, 3 
1620157559, 291091, 4 
1620157559, 303234, 2 
1620157559, 304804, 3 
1620157559, 325085, 2 
1620157559, 327480, 3 
1620157559, 334054, 4 
1620157559, 344209, 2 
1620157559, 351724, 3 
1620157559, 370921, 2 
1620157559, 376779, 3 
1620157559, 422463, 2 
1620157559, 450587, 2 
1620157559, 452715, 3 
1620157559, 477779, 2 
1620157559, 484467, 3 
1620157559, 512357, 4 
1620157559, 553267, 2 
1620157559, 554813, 2 
1620157559, 555880, 3 
1620157559, 560459, 4 
1620157559, 599867, 2 
1620157559, 610604, 3 
1620157559, 719216, 2 
1620157559, 720643, 3 
1620157559, 726469, 4 
1620157559, 732869, 5 
1620157559, 749078, 2 
1620157559, 750493, 3 
1620157559, 754564, 4 
1620157559, 760922, 5 
1620157559, 766799, 2 
1620157559, 768656, 3 
1620157559, 773643, 4 
1620157559, 781548, 2 
1620157559, 782810, 3 
1620157559, 792741, 2 
1620157559, 798499, 2 
1620157559, 799922, 3 
1620157559, 804680, 4 
1620157559, 812567, 5 
1620157559, 816042, 2 
1620157559, 817415, 3 
1620157559, 823846, 4 
1620157559, 835589, 2 
1620157559, 837216, 3 
1620157559, 846432, 2 
1620157559, 847588, 3 
1620157559, 856282, 2 
1620157559, 857651, 3 
1620157559, 862196, 4 
1620157559, 867590, 5 
1620157559, 870166, 2 
1620157559, 871583, 3 
1620157559, 881770, 2 
1620157559, 883133, 3 
1620157559, 897932, 2 
1620157559, 909135, 2 
1620157559, 910508, 3 
1620157559, 914786, 4 
1620157559, 921120, 5 
1620157559, 933654, 6 
1620157559, 941539, 7 
1620157559, 946652, 2 
1620157559, 948440, 3 
1620157559, 950325, 4 
1620157559, 964854, 2 
1620157559, 966998, 3 
1620157559, 977724, 2 
1620157559, 977893, 3 
1620157559, 982523, 4 
1620157560, 9092, 2 
1620157560, 12524, 3 
1620157560, 39317, 2 
1620157560, 40939, 3 
1620157560, 47254, 4 
1620157560, 50654, 2 
1620157560, 52166, 3 
1620157560, 73117, 2 
1620157560, 74367, 3 
1620157560, 78656, 4 
1620157560, 89028, 5 
1620157560, 100649, 2 
1620157560, 118571, 2 
1620157560, 120320, 3 
1620157560, 140605, 2 
1620157560, 141780, 3 
1620157560, 146396, 4 
1620157560, 152053, 5 
1620157560, 159857, 6 
1620157560, 170947, 7 
1620157560, 181869, 2 
1620157560, 183096, 3 
1620157560, 184466, 4 
1620157560, 189636, 5 
1620157560, 192762, 2 
1620157560, 196631, 3 
1620157560, 203045, 4 
1620157560, 207143, 2 
1620157560, 208650, 3 
1620157560, 216975, 2 
1620157560, 218387, 3 
1620157560, 225716, 2 
1620157560, 241419, 2 
1620157560, 243706, 3 
1620157560, 265991, 2 
1620157560, 272066, 3 
1620157560, 294198, 2 
1620157560, 294234, 3 
1620157560, 317722, 4 
1620157560, 357233, 2 
1620157560, 368563, 3 
1620157560, 400101, 4 
1620157560, 436555, 5 
1620157560, 456692, 6 
1620157560, 470759, 7 
1620157560, 484461, 8 
1620157560, 496733, 9 
1620157560, 516602, 2 
1620157560, 517671, 3 
1620157560, 519039, 4 
1620157560, 520091, 5 
1620157560, 528961, 6 
1620157560, 539460, 7 
1620157560, 554623, 8 
1620157560, 562177, 9 
1620157560, 574979, 2 
1620157560, 576322, 3 
1620157560, 577671, 4 
1620157560, 579278, 5 
1620157560, 595454, 2 
1620157560, 602077, 3 
1620157560, 629698, 2 
1620157560, 631316, 3 
1620157560, 652795, 2 
1620157560, 654469, 3 
1620157560, 684026, 2 
1620157560, 685196, 3 
1620157560, 697750, 2 
1620157560, 700508, 3 
1620157560, 705902, 4 
1620157560, 713668, 5 
1620157560, 721213, 6 
1620157560, 729165, 2 
1620157560, 730283, 3 
1620157560, 731768, 4 
1620157560, 737750, 5 
1620157560, 743083, 2 
1620157560, 755049, 2 
1620157560, 756247, 3 
1620157560, 760955, 4 
1620157560, 770024, 2 
1620157560, 770050, 3 
1620157560, 782454, 4 
1620157560, 802045, 2 
1620157560, 803415, 3 
1620157560, 819525, 2 
1620157560, 820988, 3 
1620157560, 825951, 4 
1620157560, 837280, 2 
1620157560, 838738, 3 
1620157560, 847667, 2 
1620157560, 848884, 3 
1620157560, 852699, 4 
1620157560, 869050, 2 
1620157560, 870819, 3 
1620157560, 875243, 4 
1620157560, 888673, 5 
1620157560, 896891, 6 
1620157560, 905988, 7 
1620157560, 910910, 2 
1620157560, 913780, 3 
1620157560, 916963, 4 
1620157560, 925541, 5 
1620157560, 934204, 6 
1620157560, 936279, 2 
1620157560, 937958, 3 
1620157560, 940704, 4 
1620157560, 946566, 2 
1620157560, 948367, 3 
1620157560, 954394, 4 
1620157560, 958537, 2 
1620157560, 962084, 3 
1620157560, 967503, 4 
1620157560, 976166, 5 
1620157560, 981490, 2 
1620157560, 983252, 3 
1620157561, 12009, 2 
1620157561, 13604, 3 
1620157561, 19074, 4 
1620157561, 42062, 2 
1620157561, 43783, 3 
1620157561, 57761, 2 
1620157561, 62206, 3 
1620157561, 73826, 4 
1620157561, 93512, 2 
1620157561, 112881, 2 
1620157561, 115345, 3 
1620157561, 124074, 4 
1620157561, 130200, 2 
1620157561, 132630, 3 
1620157561, 155538, 2 
1620157561, 160605, 2 
1620157561, 162836, 3 
1620157561, 180546, 4 
1620157561, 192296, 2 
1620157561, 194870, 3 
1620157561, 215994, 2 
1620157561, 217715, 3 
1620157561, 226130, 4 
1620157561, 243021, 5 
1620157561, 253562, 2 
1620157561, 257319, 3 
1620157561, 286900, 2 
1620157561, 291086, 3 
1620157561, 320301, 2 
1620157561, 322537, 3 
1620157561, 361144, 2 
1620157561, 363055, 3 
1620157561, 371108, 4 
1620157561, 382711, 2 
1620157561, 389636, 3 
1620157561, 396214, 4 
1620157561, 406724, 2 
1620157561, 419331, 2 
1620157561, 425461, 3 
1620157561, 450072, 2 
1620157561, 452100, 3 
1620157561, 471206, 2 
1620157561, 487793, 2 
1620157561, 492735, 3 
1620157561, 509516, 4 
1620157561, 536243, 2 
1620157561, 538286, 3 
1620157561, 556047, 2 
1620157561, 571948, 2 
1620157561, 573254, 3 
1620157561, 580854, 4 
1620157561, 591465, 2 
1620157561, 593157, 3 
1620157561, 599625, 4 
1620157561, 601819, 2 
1620157561, 618413, 2 
1620157561, 619891, 3 
1620157561, 624215, 4 
1620157561, 629527, 5 
1620157561, 640108, 6 
1620157561, 645903, 2 
1620157561, 647439, 3 
1620157561, 654470, 4 
1620157561, 663268, 5 
1620157561, 667530, 2 
1620157561, 682327, 2 
1620157561, 684463, 3 
1620157561, 691171, 4 
1620157561, 699272, 5 
1620157561, 713202, 2 
1620157561, 715901, 3 
1620157561, 723753, 4 
1620157561, 731014, 5 
1620157561, 748788, 6 
1620157561, 765504, 2 
1620157561, 770013, 3 
1620157561, 775189, 4 
1620157561, 786749, 2 
1620157561, 789327, 3 
1620157561, 836866, 2 
1620157561, 838894, 3 
1620157561, 846215, 4 
1620157561, 854529, 5 
1620157561, 877607, 2 
1620157561, 879088, 3 
1620157561, 886333, 4 
1620157561, 894071, 5 
1620157561, 906361, 6 
1620157561, 910859, 2 
1620157561, 912540, 3 
1620157561, 914239, 4 
1620157561, 927735, 5 
1620157561, 950752, 2 
1620157561, 952311, 3 
1620157561, 957153, 4 
1620157561, 977085, 2 
1620157561, 978444, 3 
1620157561, 991261, 2 
1620157561, 992572, 3 
1620157562, 5322, 2 
1620157562, 7247, 3 
1620157562, 13532, 4 
1620157562, 34165, 5 
1620157562, 49987, 2 
1620157562, 90733, 2 
1620157562, 92415, 3 
1620157562, 97824, 4 
1620157562, 104073, 2 
1620157562, 105991, 3 
1620157562, 124189, 4 
1620157562, 140255, 5 
1620157562, 170648, 2 
1620157562, 172378, 3 
1620157562, 178378, 4 
1620157562, 196896, 2 
1620157562, 198347, 3 
1620157562, 216848, 2 
1620157562, 222821, 3 
1620157562, 240895, 2 
1620157562, 242099, 3 
1620157562, 246129, 4 
1620157562, 252433, 5 
1620157562, 261898, 6 
1620157562, 273532, 2 
1620157562, 275119, 3 
1620157562, 277416, 4 
1620157562, 303439, 2 
1620157562, 304904, 3 
1620157562, 312457, 4 
1620157562, 322394, 5 
1620157562, 333727, 2 
1620157562, 335251, 3 
1620157562, 374040, 2 
1620157562, 391715, 2 
1620157562, 393301, 3 
1620157562, 409694, 2 
1620157562, 410922, 3 
1620157562, 424370, 2 
1620157562, 436861, 2 
1620157562, 446714, 2 
1620157562, 456265, 2 
1620157562, 472524, 2 
1620157562, 473966, 3 
1620157562, 478199, 4 
1620157562, 484842, 5 
1620157562, 503239, 2 
1620157562, 504865, 3 
1620157562, 529983, 2 
1620157562, 531256, 3 
1620157562, 535172, 4 
1620157562, 546370, 5 
1620157562, 559127, 2 
1620157562, 560550, 3 
1620157562, 564608, 4 
1620157562, 567937, 2 
1620157562, 572691, 3 
1620157562, 584764, 2 
1620157562, 588227, 3 
1620157562, 598992, 2 
1620157562, 600327, 3 
1620157562, 606086, 4 
1620157562, 621569, 2 
1620157562, 622272, 3 
1620157562, 639248, 2 
1620157562, 639269, 3 
1620157562, 667457, 2 
1620157562, 668731, 3 
1620157562, 672989, 4 
1620157562, 684587, 5 
1620157562, 689589, 2 
1620157562, 691511, 3 
1620157562, 699007, 4 
1620157562, 710780, 5 
1620157562, 717365, 6 
1620157562, 723101, 2 
1620157562, 724512, 3 
1620157562, 726628, 4 
1620157562, 737520, 5 
1620157562, 751089, 6 
1620157562, 754048, 2 
1620157562, 755360, 3 
1620157562, 757788, 4 
1620157562, 763211, 5 
1620157562, 771293, 6 
1620157562, 780391, 7 
1620157562, 788316, 2 
1620157562, 789593, 3 
1620157562, 790751, 4 
1620157562, 796085, 2 
1620157562, 797086, 3 
1620157562, 812235, 2 
1620157562, 814008, 3 
1620157562, 827146, 4 
1620157562, 835894, 5 
1620157562, 839990, 2 
1620157562, 841807, 3 
1620157562, 848392, 4 
1620157562, 850950, 2 
1620157562, 851987, 3 
1620157562, 860385, 4 
1620157562, 865674, 5 
1620157562, 876700, 6 
1620157562, 889919, 7 
1620157562, 901766, 8 
1620157562, 916296, 9 
1620157562, 921743, 2 
1620157562, 922955, 3 
1620157562, 924903, 4 
1620157562, 928819, 5 
1620157562, 938535, 2 
1620157562, 939709, 3 
1620157562, 943760, 4 
1620157562, 948631, 2 
1620157562, 960720, 2 
1620157562, 962030, 3 
1620157562, 966375, 4 
1620157562, 972035, 5 
1620157562, 978957, 2 
1620157562, 983151, 3 
1620157562, 996099, 2 
1620157562, 997361, 3 
1620157563, 9095, 2 
1620157563, 10457, 3 
1620157563, 21581, 2 
1620157563, 21615, 3 
1620157563, 39918, 2 
1620157563, 41288, 3 
1620157563, 54348, 2 
1620157563, 64958, 2 
1620157563, 66150, 3 
1620157563, 78687, 2 
1620157563, 78696, 3 
1620157563, 114776, 2 
1620157563, 116720, 3 
1620157563, 125276, 4 
1620157563, 144593, 2 
1620157563, 145668, 3 
1620157563, 152606, 4 
1620157563, 181050, 2 
1620157563, 182310, 3 
1620157563, 187605, 4 
1620157563, 195964, 2 
1620157563, 198017, 3 
1620157563, 210874, 4 
1620157563, 213281, 2 
1620157563, 214486, 3 
1620157563, 219781, 4 
1620157563, 232460, 5 
1620157563, 246063, 6 
1620157563, 256388, 2 
1620157563, 258147, 3 
1620157563, 261822, 4 
1620157563, 273551, 5 
1620157563, 284014, 2 
1620157563, 285512, 3 
1620157563, 290329, 4 
1620157563, 299288, 2 
1620157563, 301563, 3 
1620157563, 328826, 2 
1620157563, 330238, 3 
1620157563, 334615, 4 
1620157563, 345463, 2 
1620157563, 348072, 3 
1620157563, 358107, 4 
1620157563, 383292, 2 
1620157563, 386287, 3 
1620157563, 401858, 2 
1620157563, 403100, 3 
1620157563, 415202, 2 
1620157563, 416585, 3 
1620157563, 426480, 2 
1620157563, 427856, 3 
1620157563, 439867, 2 
1620157563, 441125, 3 
1620157563, 456654, 2 
1620157563, 457862, 3 
1620157563, 470391, 2 
1620157563, 471775, 3 
1620157563, 476008, 4 
1620157563, 488527, 5 
1620157563, 497098, 6 
1620157563, 519794, 2 
1620157563, 521183, 3 
1620157563, 536466, 2 
1620157563, 537876, 3 
1620157563, 561371, 2 
1620157563, 562643, 3 
1620157563, 572768, 2 
1620157563, 574128, 3 
1620157563, 581387, 2 
1620157563, 582715, 3 
1620157563, 588918, 2 
1620157563, 589701, 3 
1620157563, 601674, 2 
1620157563, 603324, 3 
1620157563, 607208, 4 
1620157563, 620717, 2 
1620157563, 622173, 3 
1620157563, 629421, 2 
1620157563, 631231, 3 
1620157563, 636481, 2 
1620157563, 637087, 3 
1620157563, 641402, 4 
1620157563, 646031, 2 
1620157563, 647790, 3 
1620157563, 653670, 4 
1620157563, 660303, 5 
1620157563, 668335, 2 
1620157563, 693377, 2 
1620157563, 694709, 3 
1620157563, 705602, 4 
1620157563, 710998, 5 
1620157563, 715240, 2 
1620157563, 716531, 3 
1620157563, 722380, 4 
1620157563, 726512, 2 
1620157563, 728358, 3 
1620157563, 734262, 4 
1620157563, 744842, 5 
1620157563, 751180, 2 
1620157563, 752783, 3 
1620157563, 763910, 2 
1620157563, 765288, 3 
1620157563, 773839, 2 
1620157563, 774971, 3 
1620157563, 784029, 2 
1620157563, 785438, 3 
1620157563, 789065, 4 
1620157563, 792036, 2 
1620157563, 793741, 3 
1620157563, 800789, 2 
1620157563, 800799, 3 
1620157563, 816072, 2 
1620157563, 828827, 2 
1620157563, 830207, 3 
1620157563, 834287, 4 
1620157563, 837389, 2 
1620157563, 839195, 3 
1620157563, 844910, 4 
1620157563, 857905, 5 
1620157563, 863262, 6 
1620157563, 875507, 7 
1620157563, 892219, 8 
1620157563, 900001, 2 
1620157563, 902250, 3 
1620157563, 909367, 4 
1620157563, 926361, 2 
1620157563, 927657, 3 
1620157563, 931933, 4 
1620157563, 939309, 5 
1620157563, 952586, 2 
1620157563, 953842, 3 
1620157563, 958597, 4 
1620157563, 966821, 5 
1620157563, 977714, 6 
1620157563, 980207, 2 
1620157563, 981822, 3 
1620157563, 984201, 4 
1620157564, 9900, 2 
1620157564, 11206, 3 
1620157564, 15942, 4 
1620157564, 24262, 5 
1620157564, 37568, 2 
1620157564, 38676, 3 
1620157564, 42789, 4 
1620157564, 50836, 5 
1620157564, 59869, 6 
1620157564, 63199, 2 
1620157564, 64225, 3 
1620157564, 65641, 4 
1620157564, 72673, 5 
1620157564, 84546, 6 
1620157564, 90515, 2 
1620157564, 92286, 3 
1620157564, 94709, 4 
1620157564, 108679, 2 
1620157564, 110051, 3 
1620157564, 134795, 2 
1620157564, 136190, 3 
1620157564, 148759, 2 
1620157564, 149509, 3 
1620157564, 153728, 4 
1620157564, 160308, 5 
1620157564, 168995, 6 
1620157564, 172310, 2 
1620157564, 174543, 3 
1620157564, 180565, 4 
1620157564, 186414, 5 
1620157564, 192318, 6 
1620157564, 214780, 2 
1620157564, 216031, 3 
1620157564, 224756, 4 
1620157564, 241027, 2 
1620157564, 242488, 3 
1620157564, 248723, 4 
1620157564, 262960, 2 
1620157564, 264329, 3 
1620157564, 277293, 2 
1620157564, 278622, 3 
1620157564, 287905, 4 
1620157564, 291573, 2 
1620157564, 293155, 3 
1620157564, 303148, 4 
1620157564, 308798, 5 
1620157564, 317158, 6 
1620157564, 325339, 2 
1620157564, 336280, 2 
1620157564, 337694, 3 
1620157564, 341944, 4 
1620157564, 347137, 2 
1620157564, 348751, 3 
1620157564, 359731, 2 
1620157564, 361012, 3 
1620157564, 367568, 2 
1620157564, 368859, 3 
1620157564, 373526, 4 
1620157564, 396580, 2 
1620157564, 398211, 3 
1620157564, 411815, 2 
1620157564, 423546, 2 
1620157564, 424946, 3 
1620157564, 434780, 2 
1620157564, 436360, 3 
1620157564, 445633, 4 
1620157564, 454163, 5 
1620157564, 464861, 6 
1620157564, 471602, 7 
1620157564, 480815, 8 
1620157564, 489459, 2 
1620157564, 490754, 3 
1620157564, 492365, 4 
1620157564, 493990, 5 
1620157564, 507790, 6 
1620157564, 513234, 2 
1620157564, 515524, 3 
1620157564, 520003, 4 
1620157564, 528329, 5 
1620157564, 536753, 6 
1620157564, 544578, 2 
1620157564, 546338, 3 
1620157564, 548176, 4 
1620157564, 556858, 5 
1620157564, 565518, 2 
1620157564, 566934, 3 
1620157564, 582041, 4 
1620157564, 592250, 5 
1620157564, 597624, 2 
1620157564, 601233, 3 
1620157564, 617319, 2 
1620157564, 618816, 3 
1620157564, 623313, 4 
1620157564, 636109, 5 
1620157564, 649477, 6 
1620157564, 657011, 7 
1620157564, 660487, 2 
1620157564, 678691, 2 
1620157564, 680196, 3 
1620157564, 686309, 4 
1620157564, 691527, 5 
1620157564, 700826, 6 
1620157564, 717545, 7 
1620157564, 727786, 8 
1620157564, 739097, 9 
1620157564, 744675, 2 
1620157564, 747797, 3 
1620157564, 748985, 4 
1620157564, 749937, 5 
1620157564, 753182, 2 
1620157564, 754262, 3 
1620157564, 762654, 4 
1620157564, 783102, 2 
1620157564, 792825, 2 
1620157564, 794108, 3 
1620157564, 798325, 4 
1620157564, 803550, 5 
1620157564, 808261, 2 
1620157564, 818462, 2 
1620157564, 822032, 3 
1620157564, 825896, 4 
1620157564, 830597, 5 
1620157564, 838897, 6 
1620157564, 852251, 7 
1620157564, 859008, 2 
1620157564, 861186, 3 
1620157564, 863332, 4 
1620157564, 872311, 2 
1620157564, 873318, 3 
1620157564, 891699, 2 
1620157564, 893294, 3 
1620157564, 899864, 4 
1620157564, 905951, 5 
1620157564, 914684, 6 
1620157564, 929743, 7 
1620157564, 932711, 2 
1620157564, 934326, 3 
1620157564, 939505, 4 
1620157564, 956695, 2 
1620157564, 957967, 3 
1620157564, 964608, 4 
1620157564, 971717, 2 
1620157564, 973820, 3 
1620157564, 982197, 4 
1620157564, 987027, 2 
1620157564, 988621, 3 
1620157564, 994781, 4 
1620157565, 3091, 2 
1620157565, 4909, 3 
1620157565, 12067, 4 
1620157565, 14547, 2 
1620157565, 16379, 3 
1620157565, 22395, 4 
1620157565, 28432, 2 
1620157565, 41818, 2 
1620157565, 43422, 2 
1620157565, 44735, 3 
1620157565, 48661, 4 
1620157565, 56381, 5 
1620157565, 67066, 6 
1620157565, 82295, 2 
1620157565, 83767, 3 
1620157565, 85204, 4 
1620157565, 90165, 5 
1620157565, 101801, 2 
1620157565, 103243, 3 
1620157565, 127408, 2 
1620157565, 144769, 2 
1620157565, 146265, 3 
1620157565, 150877, 4 
1620157565, 157682, 5 
1620157565, 167944, 2 
1620157565, 167954, 3 
1620157565, 170893, 4 
1620157565, 177022, 5 
1620157565, 186852, 2 
1620157565, 188086, 3 
1620157565, 203970, 2 
1620157565, 216963, 2 
1620157565, 231091, 2 
1620157565, 232427, 3 
1620157565, 243910, 2 
1620157565, 245406, 3 
1620157565, 256087, 2 
1620157565, 257247, 3 
1620157565, 265494, 2 
1620157565, 271938, 2 
1620157565, 273325, 3 
1620157565, 277679, 4 
1620157565, 284552, 2 
1620157565, 284561, 3 
1620157565, 288445, 4 
1620157565, 295579, 5 
1620157565, 310913, 2 
1620157565, 349914, 2 
1620157565, 351483, 3 
1620157565, 356860, 4 
1620157565, 360696, 2 
1620157565, 362078, 3 
1620157565, 368299, 4 
1620157565, 376688, 5 
1620157565, 382362, 6 
1620157565, 386418, 2 
1620157565, 388336, 3 
1620157565, 393400, 4 
1620157565, 398643, 5 
1620157565, 405585, 2 
1620157565, 406879, 3 
1620157565, 421071, 4 
1620157565, 425960, 5 
1620157565, 436339, 6 
1620157565, 445841, 7 
1620157565, 452576, 2 
1620157565, 456954, 3 
1620157565, 458515, 4 
1620157565, 465364, 2 
1620157565, 481471, 2 
1620157565, 483110, 3 
1620157565, 505759, 2 
1620157565, 507125, 3 
1620157565, 511584, 4 
1620157565, 517233, 5 
1620157565, 523927, 2 
1620157565, 525373, 3 
1620157565, 531041, 4 
1620157565, 539656, 5 
1620157565, 550850, 6 
1620157565, 558729, 7 
1620157565, 562925, 2 
1620157565, 564937, 3 
1620157565, 566873, 4 
1620157565, 580819, 5 
1620157565, 583818, 2 
1620157565, 585602, 3 
1620157565, 603972, 2 
1620157565, 605598, 3 
1620157565, 610121, 4 
1620157565, 615220, 2 
1620157565, 617179, 3 
1620157565, 622851, 4 
1620157565, 627893, 2 
1620157565, 629428, 3 
1620157565, 634407, 4 
1620157565, 642747, 5 
1620157565, 650001, 6 
1620157565, 657115, 2 
1620157565, 658575, 3 
1620157565, 661152, 4 
1620157565, 667814, 5 
1620157565, 673717, 6 
1620157565, 679552, 2 
1620157565, 681466, 3 
1620157565, 683611, 4 
1620157565, 691038, 5 
1620157565, 700742, 6 
1620157565, 711847, 7 
1620157565, 726598, 8 
1620157565, 744543, 2 
1620157565, 745824, 3 
1620157565, 747486, 4 
1620157565, 750125, 2 
1620157565, 752745, 3 
1620157565, 759051, 4 
1620157565, 770623, 2 
1620157565, 771992, 3 
1620157565, 789885, 2 
1620157565, 805773, 2 
1620157565, 807324, 3 
1620157565, 824905, 2 
1620157565, 826207, 3 
1620157565, 830802, 4 
1620157565, 839606, 5 
1620157565, 844934, 2 
1620157565, 848092, 3 
1620157565, 854786, 4 
1620157565, 857783, 2 
1620157565, 858909, 3 
1620157565, 864338, 4 
1620157565, 869910, 5 
1620157565, 878993, 6 
1620157565, 886762, 7 
1620157565, 892560, 2 
1620157565, 908287, 2 
1620157565, 909586, 3 
1620157565, 913706, 4 
1620157565, 922326, 2 
1620157565, 923691, 3 
1620157565, 944618, 2 
1620157565, 946363, 3 
1620157565, 959426, 2 
1620157565, 960779, 3 
1620157565, 964628, 4 
1620157565, 972553, 2 
1620157565, 973874, 3 
1620157565, 978894, 4 
1620157565, 982888, 2 
1620157565, 984702, 3 
1620157565, 992247, 4 
1620157566, 1227, 5 
1620157566, 6755, 6 
1620157566, 15850, 2 
1620157566, 17815, 3 
1620157566, 19762, 4 
1620157566, 32987, 5 
1620157566, 42646, 2 
1620157566, 44081, 3 
1620157566, 60538, 2 
1620157566, 61898, 3 
1620157566, 66317, 4 
1620157566, 71504, 5 
1620157566, 79514, 6 
1620157566, 89810, 7 
1620157566, 99256, 8 
1620157566, 106388, 2 
1620157566, 108025, 3 
1620157566, 123081, 2 
1620157566, 124437, 3 
1620157566, 133537, 4 
1620157566, 139804, 5 
1620157566, 148245, 6 
1620157566, 157071, 7 
1620157566, 163995, 2 
1620157566, 165758, 3 
1620157566, 167608, 4 
1620157566, 177241, 5 
1620157566, 180753, 2 
1620157566, 182158, 3 
1620157566, 189214, 4 
1620157566, 194395, 5 
1620157566, 200396, 6 
1620157566, 209543, 7 
1620157566, 217120, 2 
1620157566, 218684, 3 
1620157566, 221631, 4 
1620157566, 236535, 2 
1620157566, 237962, 3 
1620157566, 245545, 4 
1620157566, 255688, 5 
1620157566, 260741, 2 
1620157566, 262125, 3 
1620157566, 277897, 2 
1620157566, 279323, 3 
1620157566, 291935, 2 
1620157566, 293343, 3 
1620157566, 303581, 2 
1620157566, 304776, 3 
1620157566, 313338, 4 
1620157566, 321837, 5 
1620157566, 332642, 2 
1620157566, 334077, 3 
1620157566, 344465, 4 
1620157566, 351051, 5 
1620157566, 360822, 6 
1620157566, 366795, 2 
1620157566, 374085, 3 
1620157566, 376765, 4 
1620157566, 381516, 2 
1620157566, 382851, 3 
1620157566, 398949, 2 
1620157566, 400250, 3 
1620157566, 406528, 4 
1620157566, 417981, 5 
1620157566, 424066, 2 
1620157566, 426102, 3 
1620157566, 448227, 2 
1620157566, 449952, 3 
1620157566, 455167, 4 
1620157566, 468403, 2 
1620157566, 468412, 3 
1620157566, 472294, 2 
1620157566, 473669, 3 
1620157566, 487548, 2 
1620157566, 489279, 3 
1620157566, 493901, 4 
1620157566, 499111, 5 
1620157566, 507734, 6 
1620157566, 517610, 2 
1620157566, 520500, 3 
1620157566, 521960, 4 
1620157566, 530278, 5 
1620157566, 538089, 6 
1620157566, 541975, 2 
1620157566, 543570, 3 
1620157566, 545587, 4 
1620157566, 551996, 5 
1620157566, 556664, 2 
1620157566, 557806, 3 
1620157566, 563508, 4 
1620157566, 570236, 5 
1620157566, 582781, 2 
1620157566, 596654, 2 
1620157566, 598544, 3 
1620157566, 606016, 4 
1620157566, 611438, 2 
1620157566, 613286, 3 
1620157566, 623300, 2 
1620157566, 624773, 3 
1620157566, 636169, 2 
1620157566, 637710, 3 
1620157566, 642020, 4 
1620157566, 647200, 5 
1620157566, 653088, 2 
1620157566, 654588, 3 
1620157566, 660582, 4 
1620157566, 668451, 5 
1620157566, 672961, 2 
1620157566, 673974, 3 
1620157566, 679983, 4 
1620157566, 687517, 5 
1620157566, 703890, 6 
1620157566, 710323, 2 
1620157566, 711973, 3 
1620157566, 713805, 4 
1620157566, 723547, 5 
1620157566, 729971, 6 
1620157566, 732806, 2 
1620157566, 734451, 3 
1620157566, 736866, 4 
1620157566, 746185, 2 
1620157566, 747832, 3 
1620157566, 752300, 4 
1620157566, 755019, 2 
1620157566, 756320, 3 
1620157566, 765344, 2 
1620157566, 766682, 3 
1620157566, 774744, 2 
1620157566, 776188, 3 
1620157566, 785369, 2 
1620157566, 786417, 3 
1620157566, 796444, 2 
1620157566, 796584, 3 
1620157566, 801623, 4 
1620157566, 808290, 2 
1620157566, 809823, 3 
1620157566, 816975, 4 
1620157566, 823406, 5 
1620157566, 832252, 2 
1620157566, 833606, 3 
1620157566, 841696, 4 
1620157566, 846618, 5 
1620157566, 853828, 2 
1620157566, 865148, 2 
1620157566, 866746, 3 
1620157566, 876547, 4 
1620157566, 888915, 2 
1620157566, 890470, 3 
1620157566, 894868, 4 
1620157566, 905975, 5 
1620157566, 911625, 2 
1620157566, 913338, 3 
1620157566, 918862, 4 
1620157566, 929346, 2 
1620157566, 930694, 3 
1620157566, 942819, 2 
1620157566, 944383, 3 
1620157566, 948961, 4 
1620157566, 958011, 5 
1620157566, 968183, 6 
1620157566, 985899, 7 
1620157566, 998645, 2 
1620157567, 3994, 3 
1620157567, 8156, 4 
1620157567, 13082, 5 
1620157567, 24925, 6 
1620157567, 46860, 2 
1620157567, 48534, 3 
1620157567, 53073, 4 
1620157567, 58767, 5 
1620157567, 61670, 2 
1620157567, 63761, 3 
1620157567, 75662, 2 
1620157567, 76946, 3 
1620157567, 82154, 4 
1620157567, 87210, 5 
1620157567, 99237, 2 
1620157567, 101921, 3 
1620157567, 112938, 2 
1620157567, 114132, 3 
1620157567, 125227, 2 
1620157567, 126546, 3 
1620157567, 133691, 2 
1620157567, 134956, 3 
1620157567, 145374, 2 
1620157567, 146774, 3 
1620157567, 151475, 4 
1620157567, 160626, 2 
1620157567, 162553, 3 
1620157567, 168358, 4 
1620157567, 174326, 2 
1620157567, 181761, 2 
1620157567, 183087, 3 
1620157567, 205845, 2 
1620157567, 207494, 3 
1620157567, 227847, 2 
1620157567, 229091, 3 
1620157567, 233631, 4 
1620157567, 238500, 5 
1620157567, 245513, 6 
1620157567, 255170, 2 
1620157567, 256641, 3 
1620157567, 260245, 4 
1620157567, 272305, 2 
1620157567, 273860, 3 
1620157567, 281028, 4 
1620157567, 285125, 2 
1620157567, 296191, 2 
1620157567, 306112, 2 
1620157567, 316951, 2 
1620157567, 318474, 2 
1620157567, 319805, 3 
1620157567, 330199, 2 
1620157567, 331516, 3 
1620157567, 340012, 2 
1620157567, 341348, 3 
1620157567, 347406, 2 
1620157567, 348671, 3 
1620157567, 353162, 4 
1620157567, 362130, 2 
1620157567, 363423, 3 
1620157567, 367441, 4 
1620157567, 374991, 2 
1620157567, 376320, 3 
1620157567, 384746, 2 
1620157567, 386117, 3 
1620157567, 390429, 4 
1620157567, 401619, 5 
1620157567, 411719, 6 
1620157567, 422404, 7 
1620157567, 429611, 8 
1620157567, 435041, 2 
1620157567, 436477, 3 
1620157567, 441301, 2 
1620157567, 442471, 3 
1620157567, 447060, 4 
1620157567, 454189, 5 
1620157567, 459856, 6 
1620157567, 468363, 7 
1620157567, 479877, 2 
1620157567, 479886, 3 
1620157567, 479894, 4 
1620157567, 483895, 5 
1620157567, 503442, 2 
1620157567, 504987, 3 
1620157567, 512686, 4 
1620157567, 522417, 5 
1620157567, 539907, 2 
1620157567, 543292, 3 
1620157567, 557362, 2 
1620157567, 558862, 3 
1620157567, 563334, 4 
1620157567, 576787, 2 
1620157567, 578070, 3 
1620157567, 583228, 4 
1620157567, 590149, 2 
1620157567, 590276, 3 
1620157567, 614541, 2 
1620157567, 615894, 3 
1620157567, 627914, 2 
1620157567, 629276, 3 
1620157567, 633347, 4 
1620157567, 638582, 5 
1620157567, 656483, 2 
1620157567, 657943, 3 
1620157567, 669928, 2 
1620157567, 671299, 3 
1620157567, 677069, 4 
1620157567, 682165, 5 
1620157567, 686516, 2 
1620157567, 688180, 3 
1620157567, 696469, 2 
1620157567, 696477, 3 
1620157567, 701133, 4 
1620157567, 709726, 5 
1620157567, 715084, 6 
1620157567, 718496, 2 
1620157567, 720266, 3 
1620157567, 723176, 4 
1620157567, 740799, 2 
1620157567, 741505, 3 
1620157567, 746924, 4 
1620157567, 751984, 2 
1620157567, 753162, 3 
1620157567, 756851, 4 
1620157567, 765778, 5 
1620157567, 772184, 6 
1620157567, 783979, 2 
1620157567, 785761, 3 
1620157567, 788214, 4 
1620157567, 793075, 2 
1620157567, 794340, 3 
1620157567, 799479, 4 
1620157567, 803381, 2 
1620157567, 805056, 3 
1620157567, 812654, 4 
1620157567, 820061, 5 
1620157567, 823455, 2 
1620157567, 824701, 3 
1620157567, 836874, 4 
1620157567, 854044, 2 
1620157567, 855466, 3 
1620157567, 860296, 4 
1620157567, 869807, 5 
1620157567, 881329, 6 
1620157567, 883965, 2 
1620157567, 885209, 3 
1620157567, 887159, 4 
1620157567, 900337, 5 
1620157567, 922661, 2 
1620157567, 941340, 2 
1620157567, 942911, 3 
1620157567, 959010, 2 
1620157567, 960475, 3 
1620157567, 972520, 2 
1620157567, 983550, 2 
1620157567, 985137, 3 
1620157567, 995672, 2 
1620157567, 996990, 3 
1620157568, 3416, 4 
1620157568, 7960, 2 
1620157568, 9174, 3 
1620157568, 14136, 4 
1620157568, 17428, 2 
1620157568, 19134, 3 
1620157568, 29063, 2 
1620157568, 30531, 3 
1620157568, 36652, 2 
1620157568, 38114, 3 
1620157568, 42458, 4 
1620157568, 48595, 5 
1620157568, 61610, 6 
1620157568, 70889, 2 
1620157568, 95546, 2 
1620157568, 96927, 3 
1620157568, 120828, 2 
1620157568, 122171, 3 
1620157568, 157414, 2 
1620157568, 158770, 3 
1620157568, 173389, 2 
1620157568, 174775, 3 
1620157568, 179621, 4 
1620157568, 189129, 2 
1620157568, 191318, 3 
1620157568, 197709, 4 
1620157568, 210169, 5 
1620157568, 220896, 2 
1620157568, 222260, 3 
1620157568, 231237, 4 
1620157568, 244128, 2 
1620157568, 248853, 3 
1620157568, 254209, 4 
1620157568, 269483, 5 
1620157568, 274272, 2 
1620157568, 276158, 3 
1620157568, 288830, 4 
1620157568, 294020, 5 
1620157568, 300853, 2 
1620157568, 302218, 3 
1620157568, 310279, 4 
1620157568, 334347, 2 
1620157568, 335757, 3 
1620157568, 350613, 2 
1620157568, 361627, 2 
1620157568, 362966, 3 
1620157568, 373682, 2 
1620157568, 374903, 3 
1620157568, 384657, 2 
1620157568, 386226, 3 
1620157568, 411241, 2 
1620157568, 424874, 2 
1620157568, 426192, 3 
1620157568, 431716, 4 
1620157568, 448799, 2 
1620157568, 463309, 2 
1620157568, 464596, 3 
1620157568, 476002, 2 
1620157568, 477509, 3 
1620157568, 481828, 4 
1620157568, 487442, 5 
1620157568, 492103, 2 
1620157568, 493544, 3 
1620157568, 498005, 4 
1620157568, 502142, 2 
1620157568, 503472, 3 
1620157568, 509873, 2 
1620157568, 509900, 3 
1620157568, 515999, 4 
1620157568, 520641, 2 
1620157568, 521855, 3 
1620157568, 526253, 4 
1620157568, 533325, 5 
1620157568, 541178, 6 
1620157568, 553928, 7 
1620157568, 560431, 2 
1620157568, 578531, 2 
1620157568, 580014, 3 
1620157568, 601023, 2 
1620157568, 602331, 3 
1620157568, 616699, 2 
1620157568, 618147, 3 
1620157568, 624019, 4 
1620157568, 640649, 2 
1620157568, 644868, 2 
1620157568, 646280, 3 
1620157568, 650630, 4 
1620157568, 657858, 2 
1620157568, 660703, 3 
1620157568, 670161, 2 
1620157568, 671373, 3 
1620157568, 680424, 2 
1620157568, 681924, 3 
1620157568, 688721, 2 
1620157568, 690167, 3 
1620157568, 696972, 2 
1620157568, 698269, 3 
1620157568, 702816, 4 
1620157568, 709768, 2 
1620157568, 709790, 3 
1620157568, 722952, 2 
1620157568, 724316, 3 
1620157568, 733345, 2 
1620157568, 734723, 3 
1620157568, 743285, 2 
1620157568, 744471, 3 
1620157568, 752926, 2 
1620157568, 754233, 2 
1620157568, 755404, 3 
1620157568, 762339, 2 
1620157568, 763422, 3 
1620157568, 768806, 2 
1620157568, 769476, 3 
1620157568, 773677, 4 
1620157568, 777946, 2 
1620157568, 779774, 3 
1620157568, 792536, 2 
1620157568, 792558, 3 
1620157568, 797311, 4 
1620157568, 803786, 5 
1620157568, 807331, 2 
1620157568, 810661, 3 
1620157568, 824973, 2 
1620157568, 836520, 2 
1620157568, 837920, 3 
1620157568, 845851, 4 
1620157568, 854358, 5 
1620157568, 868815, 2 
1620157568, 868953, 3 
1620157568, 872108, 4 
1620157568, 881324, 5 
1620157568, 896297, 6 
1620157568, 904548, 7 
1620157568, 915062, 8 
1620157568, 928285, 9 
1620157568, 941068, 2 
1620157568, 942554, 3 
1620157568, 943672, 4 
1620157568, 945025, 5 
1620157568, 949744, 2 
1620157568, 971022, 2 
1620157568, 972393, 3 
1620157568, 980012, 4 
1620157568, 984710, 2 
1620157568, 985717, 3 
1620157568, 990402, 4 
1620157569, 1809, 2 
1620157569, 3193, 3 
1620157569, 7372, 4 
1620157569, 13351, 5 
1620157569, 16541, 2 
1620157569, 19851, 3 
1620157569, 28794, 4 
1620157569, 33991, 2 
1620157569, 35269, 3 
1620157569, 40257, 4 
1620157569, 45265, 2 
1620157569, 46696, 3 
1620157569, 54727, 2 
1620157569, 56362, 3 
1620157569, 62352, 4 
1620157569, 70634, 5 
1620157569, 85559, 2 
1620157569, 86765, 3 
1620157569, 90937, 4 
1620157569, 96675, 5 
1620157569, 102210, 2 
1620157569, 103828, 3 
1620157569, 119193, 2 
1620157569, 120601, 3 
1620157569, 129051, 2 
1620157569, 137381, 2 
1620157569, 139205, 3 
1620157569, 152172, 2 
1620157569, 156852, 2 
1620157569, 158394, 3 
1620157569, 162888, 4 
1620157569, 168434, 5 
1620157569, 174819, 6 
1620157569, 185473, 7 
1620157569, 194023, 8 
1620157569, 245216, 2 
1620157569, 288502, 2 
1620157569, 289893, 3 
1620157569, 297161, 4 
1620157569, 302773, 5 
1620157569, 310466, 6 
1620157569, 314145, 2 
1620157569, 320275, 3 
1620157569, 322862, 4 
1620157569, 327628, 2 
1620157569, 348815, 2 
1620157569, 350521, 3 
1620157569, 355207, 4 
1620157569, 366707, 2 
1620157569, 381831, 2 
1620157569, 383211, 3 
1620157569, 393906, 2 
1620157569, 395157, 3 
1620157569, 410208, 2 
1620157569, 420493, 2 
1620157569, 435648, 2 
1620157569, 437272, 3 
1620157569, 446517, 2 
1620157569, 448009, 3 
1620157569, 453790, 2 
1620157569, 454756, 3 
1620157569, 466595, 4 
1620157569, 478414, 5 
1620157569, 486125, 6 
1620157569, 512920, 2 
1620157569, 516297, 3 
1620157569, 520724, 4 
1620157569, 535496, 5 
1620157569, 548156, 6 
1620157569, 563743, 2 
1620157569, 577739, 2 
1620157569, 579321, 3 
1620157569, 598131, 2 
1620157569, 600925, 3 
1620157569, 608875, 4 
1620157569, 621057, 2 
1620157569, 624935, 3 
1620157569, 647874, 2 
1620157569, 649480, 3 
1620157569, 653611, 4 
1620157569, 660563, 5 
1620157569, 663076, 2 
1620157569, 692381, 2 
1620157569, 704696, 2 
1620157569, 706091, 3 
1620157569, 711543, 4 
1620157569, 719105, 2 
1620157569, 720647, 3 
1620157569, 728129, 2 
1620157569, 729577, 3 
1620157569, 737274, 4 
1620157569, 744215, 5 
1620157569, 749540, 6 
1620157569, 761798, 2 
1620157569, 763333, 3 
1620157569, 768517, 4 
1620157569, 775807, 2 
1620157569, 775939, 3 
1620157569, 780679, 4 
1620157569, 786676, 5 
1620157569, 797156, 2 
1620157569, 798716, 3 
1620157569, 811370, 2 
1620157569, 812728, 3 
1620157569, 817321, 4 
1620157569, 824997, 2 
1620157569, 825130, 3 
1620157569, 840868, 2 
1620157569, 842220, 3 
1620157569, 854803, 2 
1620157569, 856251, 3 
1620157569, 860526, 4 
1620157569, 866038, 5 
1620157569, 872034, 2 
1620157569, 873391, 3 
1620157569, 885543, 4 
1620157569, 891068, 5 
1620157569, 893981, 2 
1620157569, 902317, 3 
1620157569, 906373, 4 
1620157569, 913185, 5 
1620157569, 920765, 6 
1620157569, 927949, 2 
1620157569, 929491, 3 
1620157569, 931438, 4 
1620157569, 948755, 2 
1620157569, 957562, 2 
1620157569, 959404, 3 
1620157569, 971543, 2 
1620157569, 973059, 3 
1620157569, 983646, 2 
1620157569, 984958, 3 
1620157569, 989659, 4 
1620157569, 994372, 2 
1620157569, 995586, 3 
1620157570, 3275, 4 
1620157570, 9512, 5 
1620157570, 22111, 6 
1620157570, 33580, 7 
1620157570, 52523, 2 
1620157570, 54482, 3 
1620157570, 59640, 4 
1620157570, 65272, 5 
1620157570, 76169, 2 
1620157570, 77832, 3 
1620157570, 87016, 4 
1620157570, 93843, 5 
1620157570, 105045, 2 
1620157570, 105054, 3 
1620157570, 108229, 4 
1620157570, 113336, 2 
1620157570, 114656, 3 
1620157570, 124011, 4 
1620157570, 145532, 5 
1620157570, 161241, 2 
1620157570, 162631, 3 
1620157570, 168869, 4 
1620157570, 179409, 5 
1620157570, 183726, 2 
1620157570, 193032, 2 
1620157570, 208345, 2 
1620157570, 209720, 3 
1620157570, 213881, 4 
1620157570, 216862, 2 
1620157570, 218012, 3 
1620157570, 229317, 2 
1620157570, 231078, 3 
1620157570, 238074, 4 
1620157570, 263332, 2 
1620157570, 264735, 3 
1620157570, 271491, 4 
1620157570, 288678, 2 
1620157570, 290097, 3 
1620157570, 300433, 2 
1620157570, 310325, 2 
1620157570, 312823, 3 
1620157570, 323259, 2 
1620157570, 330449, 2 
1620157570, 331784, 3 
1620157570, 335975, 4 
1620157570, 342838, 5 
1620157570, 346151, 2 
1620157570, 353909, 2 
1620157570, 356798, 3 
1620157570, 362938, 4 
1620157570, 373713, 5 
1620157570, 384153, 6 
1620157570, 391445, 7 
1620157570, 400918, 2 
1620157570, 404127, 3 
1620157570, 405240, 4 
1620157570, 428345, 2 
1620157570, 429694, 3 
1620157570, 437344, 4 
1620157570, 452518, 5 
1620157570, 456057, 2 
1620157570, 457338, 3 
1620157570, 483433, 2 
1620157570, 484956, 3 
1620157570, 493205, 4 
1620157570, 499671, 2 
1620157570, 514452, 2 
1620157570, 525233, 2 
1620157570, 526492, 3 
1620157570, 531207, 4 
1620157570, 538479, 2 
1620157570, 540276, 3 
1620157570, 550587, 4 
1620157570, 561713, 5 
1620157570, 584281, 2 
1620157570, 585729, 3 
1620157570, 610119, 4 
1620157570, 617756, 5 
1620157570, 634054, 6 
1620157570, 648465, 7 
1620157570, 683120, 2 
1620157570, 685284, 2 
1620157570, 709692, 2 
1620157570, 711286, 3 
1620157570, 718577, 4 
1620157570, 728478, 2 
1620157570, 730142, 3 
1620157570, 744579, 2 
1620157570, 746625, 3 
1620157570, 751204, 4 
1620157570, 763668, 2 
1620157570, 764737, 3 
1620157570, 768991, 4 
1620157570, 775781, 2 
1620157570, 785218, 2 
1620157570, 786553, 3 
1620157570, 797718, 2 
1620157570, 799225, 3 
1620157570, 805954, 2 
1620157570, 807305, 3 
1620157570, 811421, 4 
1620157570, 816998, 5 
1620157570, 826122, 2 
1620157570, 828596, 3 
1620157570, 844482, 2 
1620157570, 845889, 3 
1620157570, 850767, 4 
1620157570, 857557, 2 
1620157570, 864429, 2 
1620157570, 865926, 3 
1620157570, 883570, 2 
1620157570, 884921, 3 
1620157570, 889464, 4 
1620157570, 902468, 2 
1620157570, 904035, 2 
1620157570, 905248, 3 
1620157570, 916615, 2 
1620157570, 922038, 2 
1620157570, 923563, 3 
1620157570, 934468, 4 
1620157570, 940500, 5 
1620157570, 949578, 6 
1620157570, 956032, 7 
1620157570, 966053, 2 
1620157570, 967909, 3 
1620157570, 969971, 4 
1620157570, 978587, 5 
1620157570, 981686, 2 
1620157570, 983050, 3 
1620157570, 995973, 2 
1620157570, 997353, 3 
1620157571, 2071, 4 
1620157571, 9164, 5 
1620157571, 12507, 2 
1620157571, 16318, 3 
1620157571, 28815, 2 
1620157571, 30127, 3 
1620157571, 40675, 2 
1620157571, 42018, 3 
1620157571, 46496, 4 
1620157571, 54455, 5 
1620157571, 61785, 2 
1620157571, 63060, 3 
1620157571, 76686, 2 
1620157571, 80343, 3 
1620157571, 89002, 4 
1620157571, 93896, 5 
1620157571, 101296, 6 
1620157571, 113000, 2 
1620157571, 113009, 3 
1620157571, 113018, 4 
1620157571, 117702, 2 
1620157571, 118755, 3 
1620157571, 124219, 4 
1620157571, 133188, 5 
1620157571, 137215, 2 
1620157571, 138566, 3 
1620157571, 144947, 4 
1620157571, 157908, 2 
1620157571, 159382, 3 
1620157571, 163489, 4 
1620157571, 169691, 2 
1620157571, 170827, 3 
1620157571, 186933, 2 
1620157571, 188387, 3 
1620157571, 192780, 4 
1620157571, 200195, 5 
1620157571, 216258, 2 
1620157571, 217724, 3 
1620157571, 223240, 4 
1620157571, 228331, 2 
1620157571, 229502, 3 
1620157571, 245464, 2 
1620157571, 246835, 3 
1620157571, 250674, 4 
1620157571, 261198, 2 
1620157571, 261207, 3 
1620157571, 265051, 4 
1620157571, 267685, 2 
1620157571, 269997, 3 
1620157571, 283835, 4 
1620157571, 287488, 2 
1620157571, 289828, 3 
1620157571, 302487, 2 
1620157571, 313906, 2 
1620157571, 315325, 3 
1620157571, 320698, 4 
1620157571, 333267, 5 
1620157571, 355639, 2 
1620157571, 356901, 3 
1620157571, 375287, 2 
1620157571, 376769, 3 
1620157571, 388214, 2 
1620157571, 389607, 3 
1620157571, 395578, 4 
1620157571, 401578, 2 
1620157571, 402911, 3 
1620157571, 410848, 2 
1620157571, 411024, 3 
1620157571, 415944, 4 
1620157571, 425639, 5 
1620157571, 433078, 6 
1620157571, 447508, 2 
1620157571, 448815, 3 
1620157571, 450099, 4 
1620157571, 459303, 2 
1620157571, 460467, 3 
1620157571, 475771, 2 
1620157571, 477211, 3 
1620157571, 488509, 2 
1620157571, 490365, 3 
1620157571, 499295, 2 
